Workbook

Sheet Harvest # Summary
C1: Sport | E1: Personal Use | G1: Subsistence | I1: Personal-Use + Subsistence | P1: % by species | R1: Sport | T1: Personal Use + Sport
A2: Year | B2: Commercial | C2: Conservative | D2: Liberal | E2: Conservative | F2: Liberal | G2: Conservative | H2: Liberal | I2: Conservative | J2: Liberal | P2: Species | Q2: Commercial | R2: % Cons | S2: % Lib | T2: % Cons | U2: % Lib
A3: 2011 | B3: =Commercial!U3 -> 68008573 | C3: =Sport!M23 -> 526200.4 | D3: =Sport!N23 -> 778059.78 | E3: ='Personal Use'!M23 -> 278869.65 | F3: ='Personal Use'!N23 -> 552118.48 | G3: =Subsistence!M23 -> 20447.261 | H3: =Subsistence!N23 -> 29998.202 | I3: =SUM(E3,G3) -> 299316.91 | J3: =SUM(F3,H3) -> 582116.68 | P3: Chinook | Q3: =ROUND(Commercial!R3,1) -> 0.1 | R3: =ROUND(Sport!S3,1) -> 3.1 | S3: =ROUND(Sport!T3,1) -> 2.6 | T3: ='Personal Use + Subsistence'!R3 -> 0.1309935 | U3: ='Personal Use + Subsistence'!S3 -> 0.16127657
A4: 2012 | B4: =Commercial!U4 -> 30007942 | C4: =Sport!M24 -> 518052.19 | D4: =Sport!N24 -> 793957.96 | E4: ='Personal Use'!M24 -> 272649.59 | F4: ='Personal Use'!N24 -> 538785.2 | G4: =Subsistence!M24 -> 22511.956 | H4: =Subsistence!N24 -> 34867.981 | I4: =SUM(E4,G4) -> 295161.54 | J4: =SUM(F4,H4) -> 573653.18 | P4: Chum | Q4: =ROUND(Commercial!R4,1) -> 4.4 | R4: =ROUND(Sport!S4,1) -> 1.3 | S4: =ROUND(Sport!T4,1) -> 1 | T4: ='Personal Use + Subsistence'!R4 -> 0.19841682 | U4: ='Personal Use + Subsistence'!S4 -> 0.1363099
A5: 2013 | B5: =Commercial!U5 -> 1.127784e+08 | C5: =Sport!M25 -> 626498.73 | D5: =Sport!N25 -> 894565.02 | E5: ='Personal Use'!M25 -> 180802.66 | F5: ='Personal Use'!N25 -> 358093 | G5: =Subsistence!M25 -> 20725.446 | H5: =Subsistence!N25 -> 32274.732 | I5: =SUM(E5,G5) -> 201528.11 | J5: =SUM(F5,H5) -> 390367.73 | P5: Coho | Q5: =ROUND(Commercial!R5,1) -> 4.6 | R5: =ROUND(Sport!S5,1) -> 40.5 | S5: =ROUND(Sport!T5,1) -> 33.8 | T5: ='Personal Use + Subsistence'!R5 -> 1.0884649 | U5: ='Personal Use + Subsistence'!S5 -> 1.1900325
A6: 2014 | B6: =Commercial!U6 -> 48420061 | C6: =Sport!M26 -> 680064.98 | D6: =Sport!N26 -> 936853.66 | E6: ='Personal Use'!M26 -> 198311.88 | F6: ='Personal Use'!N26 -> 407550.35 | G6: =Subsistence!M26 -> 18771.856 | H6: =Subsistence!N26 -> 25890.913 | I6: =SUM(E6,G6) -> 217083.74 | J6: =SUM(F6,H6) -> 433441.26 | P6: Pink | Q6: =ROUND(Commercial!R6,1) -> 88.9 | R6: =ROUND(Sport!S6,1) -> 12.4 | S6: =ROUND(Sport!T6,1) -> 10.5 | T6: ='Personal Use + Subsistence'!R6 -> 0.56352442 | U6: ='Personal Use + Subsistence'!S6 -> 2.3463308
A7: 2015 | B7: =Commercial!U7 -> 54173018 | C7: =Sport!M27 -> 634498.53 | D7: =Sport!N27 -> 881453.7 | E7: ='Personal Use'!M27 -> 196739.1 | F7: ='Personal Use'!N27 -> 390139 | G7: =Subsistence!M27 -> 17365.583 | H7: =Subsistence!N27 -> 23292.056 | I7: =SUM(E7,G7) -> 214104.69 | J7: =SUM(F7,H7) -> 413431.06 | P7: Sockeye | Q7: =ROUND(Commercial!R7,1) -> 2.1 | R7: =ROUND(Sport!S7,1) -> 42.7 | S7: =ROUND(Sport!T7,1) -> 52.2 | T7: ='Personal Use + Subsistence'!R7 -> 98.0186 | U7: ='Personal Use + Subsistence'!S7 -> 96.16605
A8: 2016 | B8: =Commercial!U8 -> 24772014 | C8: =Sport!M28 -> 532082.57 | D8: =Sport!N28 -> 762070.85 | E8: ='Personal Use'!M28 -> 136030.26 | F8: ='Personal Use'!N28 -> 274799 | G8: =Subsistence!M28 -> 18318.466 | H8: =Subsistence!N28 -> 26121.458 | I8: =SUM(E8,G8) -> 154348.73 | J8: =SUM(F8,H8) -> 300920.46
A9: 2017 | B9: =Commercial!U9 -> 46848004 | C9: =Sport!M29 -> 619058.66 | D9: =Sport!N29 -> 824343.59 | E9: ='Personal Use'!M29 -> 153748.74 | F9: ='Personal Use'!N29 -> 309306.5 | G9: =Subsistence!M29 -> 16940.802 | H9: =Subsistence!N29 -> 26402.283 | I9: =SUM(E9,G9) -> 170689.54 | J9: =SUM(F9,H9) -> 335708.78
A10: 2018 | B10: =Commercial!U10 -> 15863084 | C10: =Sport!M30 -> 368462.81 | D10: =Sport!N30 -> 521255.13 | E10: ='Personal Use'!M30 -> 86349.201 | F10: ='Personal Use'!N30 -> 178685 | G10: =Subsistence!M30 -> 18676.859 | H10: =Subsistence!N30 -> 34245.833 | I10: =SUM(E10,G10) -> 105026.06 | J10: =SUM(F10,H10) -> 212930.83
A11: 2019 | B11: =Commercial!U11 -> 32386230 | C11: =Sport!M31 -> 632726.83 | D11: =Sport!N31 -> 916516.48 | E11: ='Personal Use'!M31 -> 171459.61 | F11: ='Personal Use'!N31 -> 340299.44 | G11: =Subsistence!M31 -> 20247.13 | H11: =Subsistence!N31 -> 35885.321 | I11: =SUM(E11,G11) -> 191706.74 | J11: =SUM(F11,H11) -> 376184.77
A12: 2020 | B12: =Commercial!U12 -> 13929623 | C12: =Sport!M32 -> 375184.16 | D12: =Sport!N32 -> 547461.87 | E12: ='Personal Use'!M32 -> 133870.67 | F12: ='Personal Use'!N32 -> 274896.4 | G12: =Subsistence!M32 -> 14767.799 | H12: =Subsistence!N32 -> 28278.945 | I12: =SUM(E12,G12) -> 148638.47 | J12: =SUM(F12,H12) -> 303175.35
A13: Average | B13: =AVERAGE(B3:B12) -> 44718694 | C13: =AVERAGE(C3:C12) -> 551282.99 | D13: =AVERAGE(D3:D12) -> 785653.8 | E13: =AVERAGE(E3:E12) -> 180883.14 | F13: =AVERAGE(F3:F12) -> 362467.24 | G13: =AVERAGE(G3:G12) -> 18877.316 | H13: =AVERAGE(H3:H12) -> 29725.772 | I13: =AVERAGE(I3:I12) -> 199760.45 | J13: =AVERAGE(J3:J12) -> 392193.01 | K13: =SUM(B13,D13,F13,F13,H13) -> 46259008
A14: Median | B14: =MEDIAN(B3:B12) -> 39617117 | C14: =MEDIAN(C3:C12) -> 575570.62 | D14: =MEDIAN(D3:D12) -> 809150.78 | E14: =MEDIAN(E3:E12) -> 176131.14 | F14: =MEDIAN(F3:F12) -> 349196.22 | G14: =MEDIAN(G3:G12) -> 18724.358 | H14: =MEDIAN(H3:H12) -> 29138.574 | I14: =MEDIAN(I3:I12) -> 196617.43 | J14: =MEDIAN(J3:J12) -> 383276.25
A15: Min | B15: =MIN(B3:B12) -> 13929623 | C15: =MIN(C3:C12) -> 368462.81 | D15: =MIN(D3:D12) -> 521255.13 | E15: =MIN(E3:E12) -> 86349.201 | F15: =MIN(F3:F12) -> 178685 | G15: =MIN(G3:G12) -> 14767.799 | H15: =MIN(H3:H12) -> 23292.056 | I15: =MIN(I3:I12) -> 105026.06 | J15: =MIN(J3:J12) -> 212930.83
A16: Max | B16: =MAX(B3:B12) -> 1.127784e+08 | C16: =MAX(C3:C12) -> 680064.98 | D16: =MAX(D3:D12) -> 936853.66 | E16: =MAX(E3:E12) -> 278869.65 | F16: =MAX(F3:F12) -> 552118.48 | G16: =MAX(G3:G12) -> 22511.956 | H16: =MAX(H3:H12) -> 35885.321 | I16: =MAX(I3:I12) -> 299316.91 | J16: =MAX(J3:J12) -> 582116.68
A17: StDev | B17: =_xlfn.STDEV.S(B3:B12) -> 29494141 | C17: =_xlfn.STDEV.S(C3:C12) -> 109000.39 | D17: =_xlfn.STDEV.S(D3:D12) -> 145238.29 | E17: =_xlfn.STDEV.S(E3:E12) -> 60149.178 | F17: =_xlfn.STDEV.S(F3:F12) -> 116581.26 | G17: =_xlfn.STDEV.S(G3:G12) -> 2217.4682 | H17: =_xlfn.STDEV.S(H3:H12) -> 4392.0829 | I17: =_xlfn.STDEV.S(I3:I12) -> 61537.794 | J17: =_xlfn.STDEV.S(J3:J12) -> 116900.28
A18: COV | B18: =B17/B13 -> 0.65954834 | C18: =C17/C13 -> 0.1977213 | D18: =D17/D13 -> 0.18486296 | E18: =E17/E13 -> 0.3325306 | F18: =F17/F13 -> 0.32163256 | G18: =G17/G13 -> 0.11746735 | H18: =H17/H13 -> 0.14775336 | I18: =I17/I13 -> 0.30805794 | J18: =J17/J13 -> 0.29806824

Sheet Harvest Statistics
B1: Commercial | F1: Sport | L1: Personal-Use + Subsistence
B2: Year | C2: Ex-Vessel Value US$ (CPI Corrected to 2020) | D2: # of 6-oz Servings | G2: Replacement Cost | I2: # of 6-oz Servings | M2: Replacement Cost | O2: # of 6-oz Servings
B3: 2011 | C3: 2.2179835e+08 | D3: 3.7405218e+08 | F3: Year | G3: Conservative | H3: Liberal | I3: Conservative | J3: Liberal | L3: Year | M3: Conservative | N3: Liberal | O3: Conservative | P3: Liberal
B4: 2012 | C4: 1.2794247e+08 | D4: 1.874733e+08 | F4: 2011 | G4: =Sport!M64 -> 46265540 | H4: =Sport!N64 -> 69998161 | I4: =Sport!M53 -> 4898554.4 | J4: =Sport!N53 -> 7202353.6 | L4: 2011 | M4: ='Personal Use + Subsistence'!N75 -> 24892044 | N4: ='Personal Use + Subsistence'!O75 -> 48438696 | O4: ='Personal Use + Subsistence'!N64 -> 2413981.9 | P4: ='Personal Use + Subsistence'!O64 -> 4700876.6
B5: 2013 | C5: 2.7661088e+08 | D5: 5.3744682e+08 | F5: 2012 | G5: =Sport!M65 -> 43623732 | H5: =Sport!N65 -> 65982999 | I5: =Sport!M54 -> 4658480.6 | J5: =Sport!N54 -> 6938832.8 | L5: 2012 | M5: ='Personal Use + Subsistence'!N76 -> 24479796 | N5: ='Personal Use + Subsistence'!O76 -> 47382734 | O5: ='Personal Use + Subsistence'!N65 -> 2375272.3 | P5: ='Personal Use + Subsistence'!O65 -> 4608464.2
B6: 2014 | C6: 1.3635355e+08 | D6: 2.7260034e+08 | F6: 2013 | G6: =Sport!M66 -> 51866308 | H6: =Sport!N66 -> 74649034 | I6: =Sport!M55 -> 5705114.4 | J6: =Sport!N55 -> 8016156.8 | L6: 2013 | M6: ='Personal Use + Subsistence'!N77 -> 16776202 | N6: ='Personal Use + Subsistence'!O77 -> 32231941 | O6: ='Personal Use + Subsistence'!N66 -> 1625944.6 | P6: ='Personal Use + Subsistence'!O66 -> 3138357.2
B7: 2015 | C7: 99375821 | D7: 2.9818021e+08 | F7: 2014 | G7: =Sport!M67 -> 60849098 | H7: =Sport!N67 -> 81524323 | I7: =Sport!M56 -> 6530217.3 | J7: =Sport!N56 -> 8710203.8 | L7: 2014 | M7: ='Personal Use + Subsistence'!N78 -> 17997228 | N7: ='Personal Use + Subsistence'!O78 -> 34820724 | O7: ='Personal Use + Subsistence'!N67 -> 1748601.3 | P7: ='Personal Use + Subsistence'!O67 -> 3439729.7
B8: 2016 | C8: 91678827 | D8: 1.6391939e+08 | F8: 2015 | G8: =Sport!M68 -> 54691092 | H8: =Sport!N68 -> 76424377 | I8: =Sport!M57 -> 5947608 | J8: =Sport!N57 -> 8156171 | L8: 2015 | M8: ='Personal Use + Subsistence'!N79 -> 17753769 | N8: ='Personal Use + Subsistence'!O79 -> 34064104 | O8: ='Personal Use + Subsistence'!N68 -> 1726569.1 | P8: ='Personal Use + Subsistence'!O68 -> 3324769.9
B9: 2017 | C9: 1.509843e+08 | D9: 2.7437398e+08 | F9: 2016 | G9: =Sport!M69 -> 45382011 | H9: =Sport!N69 -> 65627307 | I9: =Sport!M58 -> 4922964.1 | J9: =Sport!N58 -> 6944909.6 | L9: 2016 | M9: ='Personal Use + Subsistence'!N80 -> 12808205 | N9: ='Personal Use + Subsistence'!O80 -> 24670790 | O9: ='Personal Use + Subsistence'!N69 -> 1247819.9 | P9: ='Personal Use + Subsistence'!O69 -> 2418471.7
B10: 2018 | C10: 88161107 | D10: 1.1478108e+08 | F10: 2017 | G10: =Sport!M70 -> 52351938 | H10: =Sport!N70 -> 71906574 | I10: =Sport!M59 -> 5842320 | J10: =Sport!N59 -> 7762099.7 | L10: 2017 | M10: ='Personal Use + Subsistence'!N81 -> 14232641 | N10: ='Personal Use + Subsistence'!O81 -> 27732916 | O10: ='Personal Use + Subsistence'!N70 -> 1377957.4 | P10: ='Personal Use + Subsistence'!O70 -> 2697512.6
B11: 2019 | C11: 91778690 | D11: 1.9000917e+08 | F11: 2018 | G11: =Sport!M71 -> 29898778 | H11: =Sport!N71 -> 42311840 | I11: =Sport!M60 -> 3358581.8 | J11: =Sport!N60 -> 4702850.6 | L11: 2018 | M11: ='Personal Use + Subsistence'!N82 -> 8710060.6 | N11: ='Personal Use + Subsistence'!O82 -> 17046681 | O11: ='Personal Use + Subsistence'!N71 -> 850594.84 | P11: ='Personal Use + Subsistence'!O71 -> 1690057.6
B12: 2020 | C12: 43914566 | D12: 82524071 | F12: 2019 | G12: =Sport!M72 -> 50395469 | H12: =Sport!N72 -> 74462748 | I12: =Sport!M61 -> 5519230.1 | J12: =Sport!N61 -> 7941319.7 | L12: 2019 | M12: ='Personal Use + Subsistence'!N83 -> 15915497 | N12: ='Personal Use + Subsistence'!O83 -> 30959932 | O12: ='Personal Use + Subsistence'!N72 -> 1545297.4 | P12: ='Personal Use + Subsistence'!O72 -> 3015429.9
B13: Average | C13: =AVERAGE(C3:C12) -> 1.3285986e+08 | D13: =AVERAGE(D3:D12) -> 2.4953605e+08 | F13: 2020 | G13: =Sport!M73 -> 31009090 | H13: =Sport!N73 -> 44904350 | I13: =Sport!M62 -> 3357202.7 | J13: =Sport!N62 -> 4799760.9 | L13: 2020 | M13: ='Personal Use + Subsistence'!N84 -> 12311014 | N13: ='Personal Use + Subsistence'!O84 -> 24304876 | O13: ='Personal Use + Subsistence'!N73 -> 1196071.6 | P13: ='Personal Use + Subsistence'!O73 -> 2398024.4
B14: median | C14: =MEDIAN(C3:C12) -> 1.1365914e+08 | D14: =MEDIAN(D3:D12) -> 2.3130475e+08 | F14: Average | G14: =AVERAGE(G4:G13) -> 46633305 | H14: =AVERAGE(H4:H13) -> 66779171 | I14: =Sport!M63 -> 5074027.3 | J14: =Sport!N63 -> 7117465.9 | L14: Average | M14: =AVERAGE(M4:M13) -> 16587646 | N14: =AVERAGE(N4:N13) -> 32165339 | O14: =AVERAGE(O4:O13) -> 1610811 | P14: =AVERAGE(P4:P13) -> 3143169.4
F15: Median | G15: =MEDIAN(G4:G13) -> 48330504 | H15: =MEDIAN(H4:H13) -> 70952368 | I15: =MEDIAN(I4:I13) -> 5221097.1 | J15: =MEDIAN(J4:J13) -> 7482226.6 | L15: Median | M15: =MEDIAN(M4:M13) -> 16345849 | N15: =MEDIAN(N4:N13) -> 31595936 | O15: =MEDIAN(O4:O13) -> 1585621 | P15: =MEDIAN(P4:P13) -> 3076893.5
B16: Total Replacement value | C16: =SUM(C13,H14,N14) -> 2.3180437e+08
B17: total 6 oz servings | C17: =SUM(D13,J14,P14) -> 2.5979669e+08
C18: =C17*(6/16) -> 97423758
B19: total 1/4 lbs servings | C19: =C18/(4/16) -> 3.8969503e+08
C25: =46000000*4*0.5 -> 92000000
C26: =C25/(4/16) -> 368000000

Sheet CombinedRAW
A1: Forest | B1: Year | C1: Fishery | D1: Species | E1: Conservative | F1: Liberal | I1: Conservative | J1: (Multiple Items)
A2: Chugach | B2: =ChugachRAW!A2 -> 2011 | C2: =ChugachRAW!C2 -> Sport | D2: =ChugachRAW!D2 -> Chinook | E2: =ChugachRAW!F2 -> 0 | F2: =ChugachRAW!G2 -> 0 | I2: Liberal | J2: (Multiple Items)
A3: Chugach | B3: =ChugachRAW!A3 -> 2012 | C3: =ChugachRAW!C3 -> Sport | D3: =ChugachRAW!D3 -> Chinook | E3: =ChugachRAW!F3 -> 0 | F3: =ChugachRAW!G3 -> 0
A4: Chugach | B4: =ChugachRAW!A4 -> 2013 | C4: =ChugachRAW!C4 -> Sport | D4: =ChugachRAW!D4 -> Chinook | E4: =ChugachRAW!F4 -> 0 | F4: =ChugachRAW!G4 -> 0 | L4: Species | M4: Values
A5: Chugach | B5: =ChugachRAW!A5 -> 2014 | C5: =ChugachRAW!C5 -> Sport | D5: =ChugachRAW!D5 -> Chinook | E5: =ChugachRAW!F5 -> 0 | F5: =ChugachRAW!G5 -> 0 | L5: Chinook | M5: Chinook | N5: Chum | O5: Chum | P5: Coho | Q5: Coho | R5: Pink | S5: Pink | T5: Sockeye | U5: Sockeye | V5: (blank) | W5: (blank)
A6: Chugach | B6: =ChugachRAW!A6 -> 2015 | C6: =ChugachRAW!C6 -> Sport | D6: =ChugachRAW!D6 -> Chinook | E6: =ChugachRAW!F6 -> 0 | F6: =ChugachRAW!G6 -> 0 | I6: Fishery | J6: Forest | K6: Year | L6: Sum of Conservative | M6: Sum of Liberal | N6: Sum of Conservative | O6: Sum of Liberal | P6: Sum of Conservative | Q6: Sum of Liberal | R6: Sum of Conservative | S6: Sum of Liberal | T6: Sum of Conservative | U6: Sum of Liberal | V6: Sum of Conservative | W6: Sum of Liberal
A7: Chugach | B7: =ChugachRAW!A7 -> 2016 | C7: =ChugachRAW!C7 -> Sport | D7: =ChugachRAW!D7 -> Chinook | E7: =ChugachRAW!F7 -> 0 | F7: =ChugachRAW!G7 -> 0 | I7: Personal use | J7: Chugach | K7: 2011 | L7: 211.31 | M7: 1243 | P7: 1043.9 | Q7: 4745 | R7: 156.56 | S7: 3914 | T7: 274260.15 | U7: 537765
A8: Chugach | B8: =ChugachRAW!A8 -> 2017 | C8: =ChugachRAW!C8 -> Sport | D8: =ChugachRAW!D8 -> Chinook | E8: =ChugachRAW!F8 -> 0 | F8: =ChugachRAW!G8 -> 0 | I8: Personal use | J8: Chugach | K8: 2012 | L8: 6.8 | M8: 40 | P8: 881.76 | Q8: 4008 | R8: 150.8 | S8: 3770 | T8: 268765.92 | U8: 526992
A9: Chugach | B9: =ChugachRAW!A9 -> 2018 | C9: =ChugachRAW!C9 -> Sport | D9: =ChugachRAW!D9 -> Chinook | E9: =ChugachRAW!F9 -> 0 | F9: =ChugachRAW!G9 -> 0 | I9: Personal use | J9: Chugach | K9: 2013 | L9: 1.87 | M9: 11 | P9: 697.18 | Q9: 3169 | R9: 145 | S9: 3625 | T9: 177083.22 | U9: 347222
A10: Chugach | B10: =ChugachRAW!A10 -> 2019 | C10: =ChugachRAW!C10 -> Sport | D10: =ChugachRAW!D10 -> Chinook | E10: =ChugachRAW!F10 -> 0 | F10: =ChugachRAW!G10 -> 0 | I10: Personal use | J10: Chugach | K10: 2014 | P10: 1036.2 | Q10: 4710 | R10: 765.6 | S10: 19140 | T10: 193709.73 | U10: 379823
A11: Chugach | B11: =ChugachRAW!A11 -> 2020 | C11: =ChugachRAW!C11 -> Sport | D11: =ChugachRAW!D11 -> Chinook | E11: =ChugachRAW!F11 -> 0 | F11: =ChugachRAW!G11 -> 0 | I11: Personal use | J11: Chugach | K11: 2015 | L11: 11.22 | M11: 66 | P11: 913 | Q11: 4150 | R11: 165.88 | S11: 4147 | T11: 192541.32 | U11: 377532
A12: Chugach | B12: =ChugachRAW!A12 -> 2011 | C12: =ChugachRAW!C12 -> Sport | D12: =ChugachRAW!D12 -> Sockeye | E12: =ChugachRAW!F12 -> 362.15125 | F12: =ChugachRAW!G12 -> 646.69867 | I12: Personal use | J12: Chugach | K12: 2016 | L12: 108.46 | M12: 638 | P12: 720.94 | Q12: 3277 | R12: 313.36 | S12: 7834 | T12: 132119.07 | U12: 259057
A13: Chugach | B13: =ChugachRAW!A13 -> 2012 | C13: =ChugachRAW!C13 -> Sport | D13: =ChugachRAW!D13 -> Sockeye | E13: =ChugachRAW!F13 -> 396.83485 | F13: =ChugachRAW!G13 -> 708.63367 | I13: Personal use | J13: Chugach | K13: 2017 | L13: 202.98 | M13: 1194 | P13: 161.04 | Q13: 732 | R13: 318.48 | S13: 7962 | T13: 151494.99 | U13: 297049
A14: Chugach | B14: =ChugachRAW!A14 -> 2013 | C14: =ChugachRAW!C14 -> Sport | D14: =ChugachRAW!D14 -> Sockeye | E14: =ChugachRAW!F14 -> 305.00139 | F14: =ChugachRAW!G14 -> 544.64533 | I14: Personal use | J14: Chugach | K14: 2018 | L14: 1.19 | M14: 7 | P14: 116.38 | Q14: 529 | R14: 417.4 | S14: 10435 | T14: 84164.28 | U14: 165028
A15: Chugach | B15: =ChugachRAW!A15 -> 2014 | C15: =ChugachRAW!C15 -> Sport | D15: =ChugachRAW!D15 -> Sockeye | E15: =ChugachRAW!F15 -> 302.48064 | F15: =ChugachRAW!G15 -> 540.144 | I15: Personal use | J15: Chugach | K15: 2019 | L15: 5.1 | M15: 30 | P15: 214.94 | Q15: 977 | R15: 185.24 | S15: 4631 | T15: 169018.08 | U15: 331408
A16: Chugach | B16: =ChugachRAW!A16 -> 2015 | C16: =ChugachRAW!C16 -> Sport | D16: =ChugachRAW!D16 -> Sockeye | E16: =ChugachRAW!F16 -> 149.01936 | F16: =ChugachRAW!G16 -> 266.106 | I16: Personal use | J16: Chugach | K16: 2020 | L16: 3.91 | M16: 23 | P16: 225.06 | Q16: 1023 | R16: 544.88 | S16: 13622 | T16: 131510.64 | U16: 257864
A17: Chugach | B17: =ChugachRAW!A17 -> 2016 | C17: =ChugachRAW!C17 -> Sport | D17: =ChugachRAW!D17 -> Sockeye | E17: =ChugachRAW!F17 -> 71.30368 | F17: =ChugachRAW!G17 -> 127.328 | I17: Personal use | J17: Tongass | K17: 2011 | L17: 2.026963 | M17: 3.9259259 | N17: 263.87037 | O17: 278 | P17: 70.12536 | Q17: 127.55187 | R17: 786.85252 | S17: 1252 | T17: 2074.8538 | U17: 2790
A18: Chugach | B18: =ChugachRAW!A18 -> 2017 | C18: =ChugachRAW!C18 -> Sport | D18: =ChugachRAW!D18 -> Sockeye | E18: =ChugachRAW!F18 -> 300.0844 | F18: =ChugachRAW!G18 -> 535.865 | I18: Personal use | J18: Tongass | K18: 2012 | L18: 1.6213476 | M18: 3 | N18: 295.62069 | O18: 310 | P18: 63.59906 | Q18: 116.19886 | R18: 404.53163 | S18: 518 | T18: 2078.9323 | U18: 3028
A19: Chugach | B19: =ChugachRAW!A19 -> 2018 | C19: =ChugachRAW!C19 -> Sport | D19: =ChugachRAW!D19 -> Sockeye | E19: =ChugachRAW!F19 -> 383.95616 | F19: =ChugachRAW!G19 -> 685.636 | I19: Personal use | J19: Tongass | K19: 2013 | L19: 18.245132 | M19: 29 | N19: 344.47795 | O19: 370 | P19: 181.58129 | Q19: 309 | R19: 525.97909 | S19: 622 | T19: 1805.109 | U19: 2736
A20: Chugach | B20: =ChugachRAW!A20 -> 2019 | C20: =ChugachRAW!C20 -> Sport | D20: =ChugachRAW!D20 -> Sockeye | E20: =ChugachRAW!F20 -> 691.13259 | F20: =ChugachRAW!G20 -> 1234.1653 | I20: Personal use | J20: Tongass | K20: 2014 | L20: 16.124649 | M20: 27 | N20: 196.46413 | O20: 209 | P20: 102.30097 | Q20: 197.25452 | R20: 301.88911 | S20: 387 | T20: 2183.5697 | U20: 3057.0954
A21: Chugach | B21: =ChugachRAW!A21 -> 2020 | C21: =ChugachRAW!C21 -> Sport | D21: =ChugachRAW!D21 -> Sockeye | E21: =ChugachRAW!F21 -> 1127.5342 | F21: =ChugachRAW!G21 -> 2013.454 | I21: Personal use | J21: Tongass | K21: 2015 | L21: 25.216384 | M21: 41 | N21: 278.892 | O21: 286 | P21: 151.35648 | Q21: 285 | R21: 527.11595 | S21: 778 | T21: 2125.1029 | U21: 2854
A22: Chugach | B22: =ChugachRAW!A22 -> 2011 | C22: =ChugachRAW!C22 -> Sport | D22: =ChugachRAW!D22 -> Coho | E22: =ChugachRAW!F22 -> 10213.23 | F22: =ChugachRAW!G22 -> 16743 | I22: Personal use | J22: Tongass | K22: 2016 | L22: 27.544771 | M22: 57 | N22: 414.86846 | O22: 433 | P22: 105.35495 | Q22: 193 | R22: 622.79437 | S22: 906 | T22: 1597.8691 | U22: 2404
A23: Chugach | B23: =ChugachRAW!A23 -> 2012 | C23: =ChugachRAW!C23 -> Sport | D23: =ChugachRAW!D23 -> Coho | E23: =ChugachRAW!F23 -> 2653.5 | F23: =ChugachRAW!G23 -> 4350 | I23: Personal use | J23: Tongass | K23: 2017 | L23: 1.1112924 | M23: 2 | N23: 169.16432 | O23: 185 | P23: 4.8184447 | Q23: 9.5 | R23: 230.54416 | S23: 395 | T23: 1165.614 | U23: 1778
A24: Chugach | B24: =ChugachRAW!A24 -> 2013 | C24: =ChugachRAW!C24 -> Sport | D24: =ChugachRAW!D24 -> Coho | E24: =ChugachRAW!F24 -> 8976.15 | F24: =ChugachRAW!G24 -> 14715 | I24: Personal use | J24: Tongass | K24: 2018 | L24: 8.0361992 | M24: 24 | N24: 576.89734 | O24: 951 | P24: 171.35597 | Q24: 303 | R24: 187.7406 | S24: 270 | T24: 705.92063 | U24: 1138
A25: Chugach | B25: =ChugachRAW!A25 -> 2014 | C25: =ChugachRAW!C25 -> Sport | D25: =ChugachRAW!D25 -> Coho | E25: =ChugachRAW!F25 -> 4221.2925 | F25: =ChugachRAW!G25 -> 6920.1517 | I25: Personal use | J25: Tongass | K25: 2019 | L25: 17.319016 | M25: 89 | N25: 120.83231 | O25: 149.63 | P25: 299.46664 | Q25: 444.05065 | R25: 144.0325 | S25: 229.48358 | T25: 1454.6026 | U25: 2341.2796
A26: Chugach | B26: =ChugachRAW!A26 -> 2015 | C26: =ChugachRAW!C26 -> Sport | D26: =ChugachRAW!D26 -> Coho | E26: =ChugachRAW!F26 -> 11535.1 | F26: =ChugachRAW!G26 -> 18910 | I26: Personal use | J26: Tongass | K26: 2020 | L26: 12.467712 | M26: 27.3 | N26: 4.3970705 | O26: 4.8315 | P26: 202.28059 | Q26: 325.97184 | R26: 415.6745 | S26: 486.60251 | T26: 951.35837 | U26: 1519.6953
A27: Chugach | B27: =ChugachRAW!A27 -> 2016 | C27: =ChugachRAW!C27 -> Sport | D27: =ChugachRAW!D27 -> Coho | E27: =ChugachRAW!F27 -> 1633.58 | F27: =ChugachRAW!G27 -> 2678 | I27: Sport | J27: Chugach | K27: 2011 | L27: 1749.81 | M27: 10293 | N27: 95.738133 | O27: 188.17267 | P27: 46602.27 | Q27: 87555 | R27: 2724.3936 | S27: 6254.504 | T27: 240383.55 | U27: 434629.7
A28: Chugach | B28: =ChugachRAW!A28 -> 2017 | C28: =ChugachRAW!C28 -> Sport | D28: =ChugachRAW!D28 -> Coho | E28: =ChugachRAW!F28 -> 6900.93 | F28: =ChugachRAW!G28 -> 11313 | I28: Sport | J28: Chugach | K28: 2012 | L28: 206.04 | M28: 1212 | N28: 23.728 | O28: 382.16 | P28: 38631.04 | Q28: 68725 | R28: 3262.0224 | S28: 20284.38 | T28: 263796.37 | U28: 487280.63
... A46: Chugach | B46: =ChugachRAW!A46 -> 2015 | C46: =ChugachRAW!C46 -> Sport | D46: =ChugachRAW!D46 -> Chum | E46: =ChugachRAW!F46 -> 144.92613 | F46: =ChugachRAW!G46 -> 181.15767 | I46: Sport | J46: Tongass | K46: 2020 | L46: 11139.421 | M46: 11283.025 | N46: 3383.384 | O46: 3555.9691 | P46: 103242.68 | Q46: 106830.87 | R46: 48182.333 | S46: 49392.286 | T46: 6678.1241 | U46: 7141.6
A47: Chugach | B47: =ChugachRAW!A47 -> 2016 | C47: =ChugachRAW!C47 -> Sport | D47: =ChugachRAW!D47 -> Chum | E47: =ChugachRAW!F47 -> 5.8184 | F47: =ChugachRAW!G47 -> 7.273 | I47: Subsistence | J47: Chugach | K47: 2011 | N47: 28.539733 | O47: 35.674667 | P47: 913.65 | Q47: 1139 | R47: 12.6435 | S47: 14.048333 | T47: 1838.7519 | U47: 3917.2713
A48: Chugach | B48: =ChugachRAW!A48 -> 2017 | C48: =ChugachRAW!C48 -> Sport | D48: =ChugachRAW!D48 -> Chum | E48: =ChugachRAW!F48 -> 188.51413 | F48: =ChugachRAW!G48 -> 235.64267 | I48: Subsistence | J48: Chugach | K48: 2012 | N48: 20.1256 | O48: 25.157 | P48: 485.95 | Q48: 523 | T48: 2972.4133 | U48: 6665.1667
A49: Chugach | B49: =ChugachRAW!A49 -> 2018 | C49: =ChugachRAW!C49 -> Sport | D49: =ChugachRAW!D49 -> Chum | E49: =ChugachRAW!F49 -> 184.35307 | F49: =ChugachRAW!G49 -> 230.44133 | I49: Subsistence | J49: Chugach | K49: 2013 | N49: 119.072 | O49: 148.84 | P49: 499.68 | Q49: 611 | T49: 3132.5863 | U49: 7165.988
A50: Chugach | B50: =ChugachRAW!A50 -> 2019 | C50: =ChugachRAW!C50 -> Sport | D50: =ChugachRAW!D50 -> Chum | E50: =ChugachRAW!F50 -> 229.6392 | F50: =ChugachRAW!G50 -> 287.049 | I50: Subsistence | J50: Chugach | K50: 2014 | P50: 673.27 | Q50: 715 | R50: 0.801 | S50: 0.89 | T50: 1359.2948 | U50: 2880.193
A51: Chugach | B51: =ChugachRAW!A51 -> 2020 | C51: =ChugachRAW!C51 -> Sport | D51: =ChugachRAW!D51 -> Chum | E51: =ChugachRAW!F51 -> 72.9696 | F51: =ChugachRAW!G51 -> 91.212 | I51: Subsistence | J51: Chugach | K51: 2015 | N51: 8.4392 | O51: 10.549 | P51: 1009.88 | Q51: 1081 | T51: 1323.6477 | U51: 2778.466
A52: Chugach | B52: =ChugachRAW!A52 -> 2011 | C52: =ChugachRAW!C52 -> Sport | D52: =ChugachRAW!D52 -> Sockeye | E52: =ChugachRAW!F52 -> 1005 | F52: =ChugachRAW!G52 -> 1005 | I52: Subsistence | J52: Chugach | K52: 2016 | L52: 0.17 | M52: 1 | P52: 557.27 | Q52: 558 | T52: 1713.9103 | U52: 3289.3077
A53: Chugach | B53: =ChugachRAW!A53 -> 2012 | C53: =ChugachRAW!C53 -> Sport | D53: =ChugachRAW!D53 -> Sockeye | E53: =ChugachRAW!F53 -> 764 | F53: =ChugachRAW!G53 -> 764 | I53: Subsistence | J53: Chugach | K53: 2017 | L53: 0.34 | M53: 2 | N53: 2.684 | O53: 3.355 | P53: 585.88 | Q53: 624 | R53: 0.44 | S53: 11 | T53: 3220.6761 | U53: 6760.368
A54: Chugach | B54: =ChugachRAW!A54 -> 2013 | C54: =ChugachRAW!C54 -> Sport | D54: =ChugachRAW!D54 -> Sockeye | E54: =ChugachRAW!F54 -> 343 | F54: =ChugachRAW!G54 -> 343 | I54: Subsistence | J54: Chugach | K54: 2018 | N54: 19.738667 | O54: 24.673333 | P54: 449.19 | Q54: 519 | R54: 6.1989 | S54: 12.621 | T54: 4080.8929 | U54: 9106.3087
A55: Chugach | B55: =ChugachRAW!A55 -> 2014 | C55: =ChugachRAW!C55 -> Sport | D55: =ChugachRAW!D55 -> Sockeye | E55: =ChugachRAW!F55 -> 87 | F55: =ChugachRAW!G55 -> 87 | I55: Subsistence | J55: Chugach | K55: 2019 | L55: 1.87 | M55: 11 | N55: 12.0192 | O55: 15.024 | P55: 805.30091 | Q55: 837.251 | R55: 1.9813 | S55: 3.157 | T55: 4568.3303 | U55: 9847.7527
A56: Chugach | B56: =ChugachRAW!A56 -> 2015 | C56: =ChugachRAW!C56 -> Sport | D56: =ChugachRAW!D56 -> Sockeye | E56: =ChugachRAW!F56 -> 155 | F56: =ChugachRAW!G56 -> 155 | I56: Subsistence | J56: Chugach | K56: 2020 | N56: 15.8072 | O56: 19.759 | P56: 507.07732 | Q56: 586.2025 | R56: 22.1253 | S56: 24.583667 | T56: 6183.6608 | U56: 13639.18
A57: Chugach | B57: =ChugachRAW!A57 -> 2016 | C57: =ChugachRAW!C57 -> Sport | D57: =ChugachRAW!D57 -> Sockeye | E57: =ChugachRAW!F57 -> 246 | F57: =ChugachRAW!G57 -> 246 | I57: Subsistence | J57: Tongass | K57: 2011 | L57: 243.55415 | M57: 330.67324 | N57: 88.486956 | O57: 184.00479 | P57: 950.5347 | Q57: 1129.49 | R57: 424.33097 | S57: 780.54 | T57: 15946.769 | U57: 22467.5
A58: Chugach | B58: =ChugachRAW!A58 -> 2017 | C58: =ChugachRAW!C58 -> Sport | D58: =ChugachRAW!D58 -> Sockeye | E58: =ChugachRAW!F58 -> 134 | F58: =ChugachRAW!G58 -> 134 | I58: Subsistence | J58: Tongass | K58: 2012 | L58: 187.96864 | M58: 259.49 | N58: 32.970392 | O58: 57.615199 | P58: 1101.2312 | Q58: 1329.6334 | R58: 595.13539 | S58: 827.81832 | T58: 17116.162 | U58: 25180.1
A59: Chugach | B59: =ChugachRAW!A59 -> 2018 | C59: =ChugachRAW!C59 -> Sport | D59: =ChugachRAW!D59 -> Sockeye | E59: =ChugachRAW!F59 -> 22 | F59: =ChugachRAW!G59 -> 22 | I59: Subsistence | J59: Tongass | K59: 2013 | L59: 342.88267 | M59: 441.65 | N59: 4.8980267 | O59: 9.9655 | P59: 191.76192 | Q59: 380.71819 | R59: 70.164375 | S59: 605.37 | T59: 16364.401 | U59: 22911.2
A60: Chugach | B60: =ChugachRAW!A60 -> 2019 | C60: =ChugachRAW!C60 -> Sport | D60: =ChugachRAW!D60 -> Sockeye | E60: =ChugachRAW!F60 -> 518 | F60: =ChugachRAW!G60 -> 518 | I60: Subsistence | J60: Tongass | K60: 2014 | L60: 281.82002 | M60: 399 | N60: 212.57723 | O60: 303 | P60: 322.29806 | Q60: 565.43 | R60: 606.33079 | S60: 786.5 | T60: 15315.465 | U60: 20240.9
A61: Chugach | B61: =ChugachRAW!A61 -> 2020 | C61: =ChugachRAW!C61 -> Sport | D61: =ChugachRAW!D61 -> Sockeye | E61: =ChugachRAW!F61 -> 282 | F61: =ChugachRAW!G61 -> 282 | I61: Subsistence | J61: Tongass | K61: 2015 | L61: 109.90832 | M61: 159.51504 | N61: 84.892804 | O61: 192.5 | P61: 887.33836 | Q61: 1156.18 | R61: 448.97359 | S61: 735.85 | T61: 13492.503 | U61: 17177.996
A62: Chugach | B62: =ChugachRAW!A62 -> 2011 | C62: =ChugachRAW!C62 -> Sport | D62: =ChugachRAW!D62 -> Coho | E62: =ChugachRAW!F62 -> 21240 | F62: =ChugachRAW!G62 -> 21240 | I62: Subsistence | J62: Tongass | K62: 2016 | L62: 177.80072 | M62: 235.33 | N62: 173.85845 | O62: 269.98 | P62: 1029.1288 | Q62: 1227.73 | R62: 768.24954 | S62: 967.41 | T62: 13898.078 | U62: 19572.7
A63: Chugach | B63: =ChugachRAW!A63 -> 2012 | C63: =ChugachRAW!C63 -> Sport | D63: =ChugachRAW!D63 -> Coho | E63: =ChugachRAW!F63 -> 22493 | F63: =ChugachRAW!G63 -> 22493 | I63: Subsistence | J63: Tongass | K63: 2017 | L63: 200.43836 | M63: 257.5 | N63: 80.96876 | O63: 252.49 | P63: 579.61691 | Q63: 778.82 | R63: 257.34645 | S63: 577.65 | T63: 12012.412 | U63: 17135.1
A64: Chugach | B64: =ChugachRAW!A64 -> 2013 | C64: =ChugachRAW!C64 -> Sport | D64: =ChugachRAW!D64 -> Coho | E64: =ChugachRAW!F64 -> 23953 | F64: =ChugachRAW!G64 -> 23953 | I64: Subsistence | J64: Tongass | K64: 2018 | L64: 115.2529 | M64: 208.15 | N64: 140.0256 | O64: 237.14 | P64: 1183.5061 | Q64: 1383.35 | R64: 307.22267 | S64: 504.49 | T64: 12374.832 | U64: 22250.1
A65: Chugach | B65: =ChugachRAW!A65 -> 2014 | C65: =ChugachRAW!C65 -> Sport | D65: =ChugachRAW!D65 -> Coho | E65: =ChugachRAW!F65 -> 22133 | F65: =ChugachRAW!G65 -> 22133 | I65: Subsistence | J65: Tongass | K65: 2019 | L65: 151.22589 | M65: 221.5 | N65: 179.99528 | O65: 220.98 | P65: 830.83692 | Q65: 988.76 | R65: 438.51596 | S65: 769.17128 | T65: 13257.054 | U65: 22970.725
A66: Chugach | B66: =ChugachRAW!A66 -> 2015 | C66: =ChugachRAW!C66 -> Sport | D66: =ChugachRAW!D66 -> Coho | E66: =ChugachRAW!F66 -> 34830 | F66: =ChugachRAW!G66 -> 34830 | I66: Subsistence | J66: Tongass | K66: 2020 | L66: 120.947 | M66: 243.12 | N66: 72.999564 | O66: 158.81 | P66: 817.1822 | Q66: 908.15 | R66: -13.824749 | S66: 476.2685 | T66: 7041.8241 | U66: 12222.871
A67: Chugach | B67: =ChugachRAW!A67 -> 2016 | C67: =ChugachRAW!C67 -> Sport | D67: =ChugachRAW!D67 -> Coho | E67: =ChugachRAW!F67 -> 18558 | F67: =ChugachRAW!G67 -> 18558 | I67: (blank) | J67: (blank) | K67: (blank)
A68: Chugach | B68: =ChugachRAW!A68 -> 2017 | C68: =ChugachRAW!C68 -> Sport | D68: =ChugachRAW!D68 -> Coho | E68: =ChugachRAW!F68 -> 15143 | F68: =ChugachRAW!G68 -> 15143
A69: Chugach | B69: =ChugachRAW!A69 -> 2018 | C69: =ChugachRAW!C69 -> Sport | D69: =ChugachRAW!D69 -> Coho | E69: =ChugachRAW!F69 -> 12743 | F69: =ChugachRAW!G69 -> 12743
A70: Chugach | B70: =ChugachRAW!A70 -> 2019 | C70: =ChugachRAW!C70 -> Sport | D70: =ChugachRAW!D70 -> Coho | E70: =ChugachRAW!F70 -> 16800 | F70: =ChugachRAW!G70 -> 16800
A71: Chugach | B71: =ChugachRAW!A71 -> 2020 | C71: =ChugachRAW!C71 -> Sport | D71: =ChugachRAW!D71 -> Coho | E71: =ChugachRAW!F71 -> 10669 | F71: =ChugachRAW!G71 -> 10669
A72: Chugach | B72: =ChugachRAW!A72 -> 2011 | C72: =ChugachRAW!C72 -> Sport | D72: =ChugachRAW!D72 -> Pink | E72: =ChugachRAW!F72 -> 200 | F72: =ChugachRAW!G72 -> 200
A73: Chugach | B73: =ChugachRAW!A73 -> 2012 | C73: =ChugachRAW!C73 -> Sport | D73: =ChugachRAW!D73 -> Pink | E73: =ChugachRAW!F73 -> 0 | F73: =ChugachRAW!G73 -> 0
A74: Chugach | B74: =ChugachRAW!A74 -> 2013 | C74: =ChugachRAW!C74 -> Sport | D74: =ChugachRAW!D74 -> Pink | E74: =ChugachRAW!F74 -> 32 | F74: =ChugachRAW!G74 -> 32
A75: Chugach | B75: =ChugachRAW!A75 -> 2014 | C75: =ChugachRAW!C75 -> Sport | D75: =ChugachRAW!D75 -> Pink | E75: =ChugachRAW!F75 -> 12 | F75: =ChugachRAW!G75 -> 12
A76: Chugach | B76: =ChugachRAW!A76 -> 2015 | C76: =ChugachRAW!C76 -> Sport | D76: =ChugachRAW!D76 -> Pink | E76: =ChugachRAW!F76 -> 1773 | F76: =ChugachRAW!G76 -> 1773
A77: Chugach | B77: =ChugachRAW!A77 -> 2016 | C77: =ChugachRAW!C77 -> Sport | D77: =ChugachRAW!D77 -> Pink | E77: =ChugachRAW!F77 -> 0 | F77: =ChugachRAW!G77 -> 0
A78: Chugach | B78: =ChugachRAW!A78 -> 2017 | C78: =ChugachRAW!C78 -> Sport | D78: =ChugachRAW!D78 -> Pink | E78: =ChugachRAW!F78 -> 227 | F78: =ChugachRAW!G78 -> 227
A79: Chugach | B79: =ChugachRAW!A79 -> 2018 | C79: =ChugachRAW!C79 -> Sport | D79: =ChugachRAW!D79 -> Pink | E79: =ChugachRAW!F79 -> 0 | F79: =ChugachRAW!G79 -> 0
... A400: Chugach | B400: =ChugachRAW!A400 -> 0 | C400: =ChugachRAW!C400 -> 0 | D400: =ChugachRAW!D400 -> 0 | E400: =ChugachRAW!F400 -> 0 | F400: =ChugachRAW!G400 -> 0
A401: Tongass | B401: =TongassRAW!B2 -> 2011 | C401: =TongassRAW!C2 -> Personal use | D401: =TongassRAW!D2 -> Chinook | E401: =TongassRAW!J2 -> 2.026963 | F401: =TongassRAW!K2 -> 3.9259259
A402: Tongass | B402: =TongassRAW!B3 -> 2012 | C402: =TongassRAW!C3 -> Personal use | D402: =TongassRAW!D3 -> Chinook | E402: =TongassRAW!J3 -> 1.6213476 | F402: =TongassRAW!K3 -> 3
A403: Tongass | B403: =TongassRAW!B4 -> 2013 | C403: =TongassRAW!C4 -> Personal use | D403: =TongassRAW!D4 -> Chinook | E403: =TongassRAW!J4 -> 18.245132 | F403: =TongassRAW!K4 -> 29
A404: Tongass | B404: =TongassRAW!B5 -> 2014 | C404: =TongassRAW!C5 -> Personal use | D404: =TongassRAW!D5 -> Chinook | E404: =TongassRAW!J5 -> 16.124649 | F404: =TongassRAW!K5 -> 27
A405: Tongass | B405: =TongassRAW!B6 -> 2015 | C405: =TongassRAW!C6 -> Personal use | D405: =TongassRAW!D6 -> Chinook | E405: =TongassRAW!J6 -> 25.216384 | F405: =TongassRAW!K6 -> 41
A406: Tongass | B406: =TongassRAW!B7 -> 2016 | C406: =TongassRAW!C7 -> Personal use | D406: =TongassRAW!D7 -> Chinook | E406: =TongassRAW!J7 -> 27.544771 | F406: =TongassRAW!K7 -> 57
A407: Tongass | B407: =TongassRAW!B8 -> 2017 | C407: =TongassRAW!C8 -> Personal use | D407: =TongassRAW!D8 -> Chinook | E407: =TongassRAW!J8 -> 1.1112924 | F407: =TongassRAW!K8 -> 2
A408: Tongass | B408: =TongassRAW!B9 -> 2018 | C408: =TongassRAW!C9 -> Personal use | D408: =TongassRAW!D9 -> Chinook | E408: =TongassRAW!J9 -> 8.0361992 | F408: =TongassRAW!K9 -> 24
A409: Tongass | B409: =TongassRAW!B10 -> 2019 | C409: =TongassRAW!C10 -> Personal use | D409: =TongassRAW!D10 -> Chinook | E409: =TongassRAW!J10 -> 17.319016 | F409: =TongassRAW!K10 -> 89
A410: Tongass | B410: =TongassRAW!B11 -> 2020 | C410: =TongassRAW!C11 -> Personal use | D410: =TongassRAW!D11 -> Chinook | E410: =TongassRAW!J11 -> 12.467712 | F410: =TongassRAW!K11 -> 27.3
A411: Tongass | B411: =TongassRAW!B12 -> 2011 | C411: =TongassRAW!C12 -> Personal use | D411: =TongassRAW!D12 -> Chum | E411: =TongassRAW!J12 -> 263.87037 | F411: =TongassRAW!K12 -> 278
A412: Tongass | B412: =TongassRAW!B13 -> 2012 | C412: =TongassRAW!C13 -> Personal use | D412: =TongassRAW!D13 -> Chum | E412: =TongassRAW!J13 -> 295.62069 | F412: =TongassRAW!K13 -> 310
... A650: Tongass | B650: =TongassRAW!B251 -> 0 | C650: =TongassRAW!C251 -> 0 | D650: =TongassRAW!D251 -> 0 | E650: =TongassRAW!J251 -> 0 | F650: =TongassRAW!K251 -> 0

Sheet ChugachRAW
A1: Year | B1: Area | C1: Fishery | D1: Species | E1: ID | F1: ForestFish_conservative_percent_CNF_Johnson et al 2019 | G1: ForestFish_Liberal_100percentif CNF overlap>0
A2: 2011 | B2: PWS_Area J Saltwater | C2: Sport | D2: Chinook | E2: Chinook_Sport_2011 | F2: 0 | G2: 0 | J2: =SUM(F2:F201)/10 -> 271876.56 | K2: =SUM(G2:G201)/10 -> 500940.99
A3: 2012 | B3: PWS_Area J Saltwater | C3: Sport | D3: Chinook | E3: Chinook_Sport_2012 | F3: 0 | G3: 0
A4: 2013 | B4: PWS_Area J Saltwater | C4: Sport | D4: Chinook | E4: Chinook_Sport_2013 | F4: 0 | G4: 0
A5: 2014 | B5: PWS_Area J Saltwater | C5: Sport | D5: Chinook | E5: Chinook_Sport_2014 | F5: 0 | G5: 0
A6: 2015 | B6: PWS_Area J Saltwater | C6: Sport | D6: Chinook | E6: Chinook_Sport_2015 | F6: 0 | G6: 0
A7: 2016 | B7: PWS_Area J Saltwater | C7: Sport | D7: Chinook | E7: Chinook_Sport_2016 | F7: 0 | G7: 0
A8: 2017 | B8: PWS_Area J Saltwater | C8: Sport | D8: Chinook | E8: Chinook_Sport_2017 | F8: 0 | G8: 0
A9: 2018 | B9: PWS_Area J Saltwater | C9: Sport | D9: Chinook | E9: Chinook_Sport_2018 | F9: 0 | G9: 0
A10: 2019 | B10: PWS_Area J Saltwater | C10: Sport | D10: Chinook | E10: Chinook_Sport_2019 | F10: 0 | G10: 0
A11: 2020 | B11: PWS_Area J Saltwater | C11: Sport | D11: Chinook | E11: Chinook_Sport_2020 | F11: 0 | G11: 0
A12: 2011 | B12: PWS_Area J Saltwater | C12: Sport | D12: Sockeye | E12: Sockeye_Sport_2011 | F12: 362.15125 | G12: 646.69867
A13: 2012 | B13: PWS_Area J Saltwater | C13: Sport | D13: Sockeye | E13: Sockeye_Sport_2012 | F13: 396.83485 | G13: 708.63367
A14: 2013 | B14: PWS_Area J Saltwater | C14: Sport | D14: Sockeye | E14: Sockeye_Sport_2013 | F14: 305.00139 | G14: 544.64533
... A301: 2020 | B301: UCR_PWS_Kenai | C301: Personal use | D301: Chinook | E301: Chinook_Personal use_2020 | F301: 3.91 | G301: 23

Sheet TongassRAW
A1: Line | B1: Year | C1: Fishery | D1: Species | E1: ID | F1: Harvest_total | G1: Proportion_hatchery | H1: Outside_fish_harvest_conservative | I1: Outside_fish_harvest_liberal | J1: Forest_fish_conservative | K1: Forest_fish_liberal
A2: 1 | B2: 2011 | C2: Personal use | D2: Chinook | E2: Chinook_2011_PU | F2: 54 | G2: 0.92592593 | H2: 26.635999 | I2: 1 | J2: 2.026963 | K2: 3.9259259
A3: 4 | B3: 2012 | C3: Personal use | D3: Chinook | E3: Chinook_2012_PU | F3: 39 | G3: 0.92307692 | H3: 17.922481 | I3: 0 | J3: 1.6213476 | K3: 3
A4: 7 | B4: 2013 | C4: Personal use | D4: Chinook | E4: Chinook_2013_PU | F4: 36 | G4: 0 | H4: 17.754868 | I4: 7 | J4: 18.245132 | K4: 29
A5: 10 | B5: 2014 | C5: Personal use | D5: Chinook | E5: Chinook_2014_PU | F5: 43 | G5: 0 | H5: 26.875351 | I5: 16 | J5: 16.124649 | K5: 27
A6: 13 | B6: 2015 | C6: Personal use | D6: Chinook | E6: Chinook_2015_PU | F6: 42 | G6: 0 | H6: 16.783616 | I6: 1 | J6: 25.216384 | K6: 41
A7: 16 | B7: 2016 | C7: Personal use | D7: Chinook | E7: Chinook_2016_PU | F7: 57 | G7: 0 | H7: 29.455229 | I7: 0 | J7: 27.544771 | K7: 57
A8: 19 | B8: 2017 | C8: Personal use | D8: Chinook | E8: Chinook_2017_PU | F8: 2 | G8: 0 | H8: 0.88870756 | I8: 0 | J8: 1.1112924 | K8: 2
A9: 22 | B9: 2018 | C9: Personal use | D9: Chinook | E9: Chinook_2018_PU | F9: 51 | G9: 0 | H9: 42.963801 | I9: 27 | J9: 8.0361992 | K9: 24
A10: 25 | B10: 2019 | C10: Personal use | D10: Chinook | E10: Chinook_2019_PU | F10: 91 | G10: 0 | H10: 73.680984 | I10: 2 | J10: 17.319016 | K10: 89
A11: 28 | B11: 2020 | C11: Personal use | D11: Chinook | E11: Chinook_2020_PU | F11: 35 | G11: 0 | H11: 22.532288 | I11: 7.7 | J11: 12.467712 | K11: 27.3
A12: 31 | B12: 2011 | C12: Personal use | D12: Chum | E12: Chum_2011_PU | F12: 278 | G12: 0 | H12: 14.129626 | I12: 0 | J12: 263.87037 | K12: 278
A13: 34 | B13: 2012 | C13: Personal use | D13: Chum | E13: Chum_2012_PU | F13: 310 | G13: 0 | H13: 14.379312 | I13: 0 | J13: 295.62069 | K13: 310
... A151: 150 | B151: 2020 | C151: Subsistence | D151: Sockeye | E151: Sockeye_2020_subsistence | F151: 20323 | G151: 0.036362742 | H151: 13015.453 | I151: 7638.9 | J151: 7041.8241 | K151: 12222.871

Sheet Commercial exvessel
A1: Year | B1: Area | C1: Forest | D1: Species Name | E1: Number Of Fish (estimated) | F1: Whole Weight (lbs) | G1: Weight/fish (lbs) | H1: Price/pound | I1: Proportion Forest | J1: Forest Fish | K1: Forest Weight (lbs) | L1: Total exvessel $ | N1: Row Labels | O1: Sum of Total exvessel $ | P1: CPI | Q1: CPI Corrected $
A2: 2011 | B2: Cook Inlet | C2: Chugach | D2: Chinook Salmon | E2: 11109 | F2: 225659.85 | G2: =F2/E2 -> 20.313246 | H2: 3.0915141 | I2: 0.52 | J2: =E2*I2 -> 5776.68 | K2: =F2*I2 -> 117343.12 | L2: =K2*H2 -> 362767.92 | N2: 2011 | O2: 1.5402663e+08 | P2: 1.44 | Q2: =GETPIVOTDATA("Total exvessel $",$N$1,"Year","2011")*P2 -> 2.2179835e+08
A3: 2012 | B3: Cook Inlet | C3: Chugach | D3: Chinook Salmon | E3: 2547 | F3: 43282.89 | G3: =F3/E3 -> 16.993675 | H3: 3.3805517 | I3: 0.52 | J3: =E3*I3 -> 1324.44 | K3: =F3*I3 -> 22507.103 | L3: =K3*H3 -> 76086.425 | N3: 2012 | O3: 91387475 | P3: 1.4 | Q3: =GETPIVOTDATA("Total exvessel $",$N$1,"Year","2012")*P3 -> 1.2794247e+08
A4: 2013 | B4: Cook Inlet | C4: Chugach | D4: Chinook Salmon | E4: 5490 | F4: 75992 | G4: =F4/E4 -> 13.841894 | H4: 3.7200142 | I4: 0.52 | J4: =E4*I4 -> 2854.8 | K4: =F4*I4 -> 39515.84 | L4: =K4*H4 -> 146999.48 | N4: 2013 | O4: 2.0044267e+08 | P4: 1.38 | Q4: =GETPIVOTDATA("Total exvessel $",$N$1,"Year","2013")*P4 -> 2.7661088e+08
A5: 2014 | B5: Cook Inlet | C5: Chugach | D5: Chinook Salmon | E5: 4694 | F5: 73856.75 | G5: =F5/E5 -> 15.734288 | H5: 3.7457522 | I5: 0.52 | J5: =E5*I5 -> 2440.88 | K5: =F5*I5 -> 38405.51 | L5: =K5*H5 -> 143857.52 | N5: 2014 | O5: 1.0025997e+08 | P5: 1.36 | Q5: =GETPIVOTDATA("Total exvessel $",$N$1,"Year","2014")*P5 -> 1.3635355e+08
A6: 2015 | B6: Cook Inlet | C6: Chugach | D6: Chinook Salmon | E6: 10841 | F6: 181727.64 | G6: =F6/E6 -> 16.762996 | H6: 2.8952416 | I6: 0.52 | J6: =E6*I6 -> 5637.32 | K6: =F6*I6 -> 94498.373 | L6: =K6*H6 -> 273595.62 | N6: 2015 | O6: 73070456 | P6: 1.36 | Q6: =GETPIVOTDATA("Total exvessel $",$N$1,"Year","2015")*P6 -> 99375821
A7: 2016 | B7: Cook Inlet | C7: Chugach | D7: Chinook Salmon | E7: 10503 | F7: 191874.99 | G7: =F7/E7 -> 18.268589 | H7: 3.0380938 | I7: 0.52 | J7: =E7*I7 -> 5461.56 | K7: =F7*I7 -> 99774.995 | L7: =K7*H7 -> 303125.79 | N7: 2016 | O7: 68417035 | P7: 1.34 | Q7: =GETPIVOTDATA("Total exvessel $",$N$1,"Year","2016")*P7 -> 91678827
A8: 2017 | B8: Cook Inlet | C8: Chugach | D8: Chinook Salmon | E8: 8030 | F8: 175033.84 | G8: =F8/E8 -> 21.797489 | H8: 3.8601404 | I8: 0.52 | J8: =E8*I8 -> 4175.6 | K8: =F8*I8 -> 91017.597 | L8: =K8*H8 -> 351340.7 | N8: 2017 | O8: 1.1525519e+08 | P8: 1.31 | Q8: =GETPIVOTDATA("Total exvessel $",$N$1,"Year","2017")*P8 -> 1.509843e+08
A9: 2018 | B9: Cook Inlet | C9: Chugach | D9: Chinook Salmon | E9: 3534 | F9: 48656.937 | G9: =F9/E9 -> 13.768233 | H9: 3.5624842 | I9: 0.52 | J9: =E9*I9 -> 1837.68 | K9: =F9*I9 -> 25301.607 | L9: =K9*H9 -> 90136.576 | N9: 2018 | O9: 68875865 | P9: 1.28 | Q9: =GETPIVOTDATA("Total exvessel $",$N$1,"Year","2018")*P9 -> 88161107
A10: 2019 | B10: Cook Inlet | C10: Chugach | D10: Chinook Salmon | E10: 3625 | F10: 57269.317 | G10: =F10/E10 -> 15.798432 | H10: 3.5843577 | I10: 0.52 | J10: =E10*I10 -> 1885 | K10: =F10*I10 -> 29780.045 | L10: =K10*H10 -> 106742.33 | N10: 2019 | O10: 72840230 | P10: 1.26 | Q10: =GETPIVOTDATA("Total exvessel $",$N$1,"Year","2019")*P10 -> 91778690
A11: 2020 | B11: Cook Inlet | C11: Chugach | D11: Chinook Salmon | E11: 3310 | F11: 41565.654 | G11: =F11/E11 -> 12.557599 | H11: 4.3285878 | I11: 0.52 | J11: =E11*I11 -> 1721.2 | K11: =F11*I11 -> 21614.14 | L11: =K11*H11 -> 93558.701 | N11: 2020 | O11: 35702899 | P11: 1.23 | Q11: =GETPIVOTDATA("Total exvessel $",$N$1,"Year","2020")*P11 -> 43914566
A12: 2011 | B12: Cook Inlet | C12: Chugach | D12: Chum Salmon | E12: 160871 | F12: 1073335 | G12: =F12/E12 -> 6.6720229 | H12: 0.70105297 | I12: 0.08 | J12: =E12*I12 -> 12869.68 | K12: =F12*I12 -> 85866.8 | L12: =K12*H12 -> 60197.175 | N12: (blank)
A13: 2012 | B13: Cook Inlet | C13: Chugach | D13: Chum Salmon | E13: 326199 | F13: 2634416.7 | G13: =F13/E13 -> 8.0761031 | H13: 0.51098547 | I13: 0.08 | J13: =E13*I13 -> 26095.92 | K13: =F13*I13 -> 210753.34 | L13: =K13*H13 -> 107691.89 | N13: Grand Total | O13: 9.8027842e+08
A14: 2013 | B14: Cook Inlet | C14: Chugach | D14: Chum Salmon | E14: 193714 | F14: 1439556 | G14: =F14/E14 -> 7.4313472 | H14: 0.49659162 | I14: 0.08 | J14: =E14*I14 -> 15497.12 | K14: =F14*I14 -> 115164.48 | L14: =K14*H14 -> 57189.716
A15: 2014 | B15: Cook Inlet | C15: Chugach | D15: Chum Salmon | E15: 189914 | F15: 1397873.7 | G15: =F15/E15 -> 7.3605614 | H15: 0.56377466 | I15: 0.08 | J15: =E15*I15 -> 15193.12 | K15: =F15*I15 -> 111829.89 | L15: =K15*H15 -> 63046.859 | N15: Average Exvessel Price | O15: =AVERAGE(O2:O11) -> 98027842 | Q15: =AVERAGE(Q2:Q11) -> 1.3285986e+08
A16: 2015 | B16: Cook Inlet | C16: Chugach | D16: Chum Salmon | E16: 387874 | F16: 2548438.5 | G16: =F16/E16 -> 6.570274 | H16: 0.43688313 | I16: 0.08 | J16: =E16*I16 -> 31029.92 | K16: =F16*I16 -> 203875.08 | L16: =K16*H16 -> 89069.581
A17: 2016 | B17: Cook Inlet | C17: Chugach | D17: Chum Salmon | E17: 197238 | F17: 1382633.6 | G17: =F17/E17 -> 7.0099758 | H17: 0.37787008 | I17: 0.08 | J17: =E17*I17 -> 15779.04 | K17: =F17*I17 -> 110610.69 | L17: =K17*H17 -> 41796.469 | N17: Average of Weight/fish (lbs) | O17: Column Labels
A18: 2017 | B18: Cook Inlet | C18: Chugach | D18: Chum Salmon | E18: 441826 | F18: 3545701.3 | G18: =F18/E18 -> 8.0251079 | H18: 0.62588999 | I18: 0.08 | J18: =E18*I18 -> 35346.08 | K18: =F18*I18 -> 283656.11 | L18: =K18*H18 -> 177537.52 | N18: Row Labels | O18: Chinook Salmon | P18: Chum Salmon | Q18: Coho Salmon | R18: Pink Salmon | S18: Sockeye Salmon | T18: (blank) | U18: Grand Total
A19: 2018 | B19: Cook Inlet | C19: Chugach | D19: Chum Salmon | E19: 164117 | F19: 1369231.9 | G19: =F19/E19 -> 8.3430232 | H19: 0.71547359 | I19: 0.08 | J19: =E19*I19 -> 13129.36 | K19: =F19*I19 -> 109538.56 | L19: =K19*H19 -> 78371.944 | N19: Chugach | O19: 17.42278 | P19: 7.3379182 | Q19: 7.1025962 | R19: 3.4894605 | S19: 5.6656407 | U19: 8.2036791
A20: 2019 | B20: Cook Inlet | C20: Chugach | D20: Chum Salmon | E20: 185470 | F20: 1281013.5 | G20: =F20/E20 -> 6.90685 | H20: 0.42393966 | I20: 0.08 | J20: =E20*I20 -> 14837.6 | K20: =F20*I20 -> 102481.08 | L20: =K20*H20 -> 43445.793 | N20: Tongass | O20: 13.877959 | P20: 8.2144153 | Q20: 6.9667653 | R20: 3.6388193 | S20: 5.7277995 | U20: 7.6851516
A21: 2020 | B21: Cook Inlet | C21: Chugach | D21: Chum Salmon | E21: 45836 | F21: 366161.21 | G21: =F21/E21 -> 7.9885071 | H21: 0.47976855 | I21: 0.08 | J21: =E21*I21 -> 3666.88 | K21: =F21*I21 -> 29292.897 | L21: =K21*H21 -> 14053.811 | N21: (blank)
A22: 2011 | B22: Cook Inlet | C22: Chugach | D22: Coho Salmon | E22: 95625 | F22: 547096.8 | G22: =F22/E22 -> 5.7212737 | H22: 0.78163846 | I22: 0.64 | J22: =E22*I22 -> 61200 | K22: =F22*I22 -> 350141.95 | L22: =K22*H22 -> 273684.42 | N22: Grand Total | O22: 16.241173 | P22: 7.6300839 | Q22: 7.0573192 | R22: 3.5392468 | S22: 5.6863603 | U22: 8.0308366
A23: 2012 | B23: Cook Inlet | C23: Chugach | D23: Coho Salmon | E23: 107419 | F23: 647523.33 | G23: =F23/E23 -> 6.0280149 | H23: 0.75789172 | I23: 0.64 | J23: =E23*I23 -> 68748.16 | K23: =F23*I23 -> 414414.93 | L23: =K23*H23 -> 314081.65
A24: 2013 | B24: Cook Inlet | C24: Chugach | D24: Coho Salmon | E24: 266802 | F24: 1641448 | G24: =F24/E24 -> 6.1523077 | H24: 0.98659099 | I24: 0.64 | J24: =E24*I24 -> 170753.28 | K24: =F24*I24 -> 1050526.7 | L24: =K24*H24 -> 1036440.2
A25: 2014 | B25: Cook Inlet | C25: Chugach | D25: Coho Salmon | E25: 136879 | F25: 865132.78 | G25: =F25/E25 -> 6.32042 | H25: 0.84542769 | I25: 0.64 | J25: =E25*I25 -> 87602.56 | K25: =F25*I25 -> 553684.98 | L25: =K25*H25 -> 468100.61
A26: 2015 | B26: Cook Inlet | C26: Chugach | D26: Coho Salmon | E26: 218653 | F26: 1284124.8 | G26: =F26/E26 -> 5.8728889 | H26: 0.64896856 | I26: 0.64 | J26: =E26*I26 -> 139937.92 | K26: =F26*I26 -> 821839.86 | L26: =K26*H26 -> 533348.23
A27: 2016 | B27: Cook Inlet | C27: Chugach | D27: Coho Salmon | E27: 147140 | F27: 933542.01 | G27: =F27/E27 -> 6.3445835 | H27: 0.77642713 | I27: 0.64 | J27: =E27*I27 -> 94169.6 | K27: =F27*I27 -> 597466.89 | L27: =K27*H27 -> 463889.5
A28: 2017 | B28: Cook Inlet | C28: Chugach | D28: Coho Salmon | E28: 315972 | F28: 1987441.7 | G28: =F28/E28 -> 6.2899299 | H28: 1.0555389 | I28: 0.64 | J28: =E28*I28 -> 202222.08 | K28: =F28*I28 -> 1271962.7 | L28: =K28*H28 -> 1342606.1
A29: 2018 | B29: Cook Inlet | C29: Chugach | D29: Coho Salmon | E29: 246299 | F29: 1589741 | G29: =F29/E29 -> 6.4545166 | H29: 1.0210586 | I29: 0.64 | J29: =E29*I29 -> 157631.36 | K29: =F29*I29 -> 1017434.2 | L29: =K29*H29 -> 1038860
A30: 2019 | B30: Cook Inlet | C30: Chugach | D30: Coho Salmon | E30: 174850 | F30: 1017967.6 | G30: =F30/E30 -> 5.821948 | H30: 0.9202445 | I30: 0.64 | J30: =E30*I30 -> 111904 | K30: =F30*I30 -> 651499.27 | L30: =K30*H30 -> 599538.62
A31: 2020 | B31: Cook Inlet | C31: Chugach | D31: Coho Salmon | E31: 141446 | F31: 847644.44 | G31: =F31/E31 -> 5.9927071 | H31: 0.99361586 | I31: 0.64 | J31: =E31*I31 -> 90525.44 | K31: =F31*I31 -> 542492.44 | L31: =K31*H31 -> 539029.1
A32: 2011 | B32: Cook Inlet | C32: Chugach | D32: Pink Salmon | E32: 395951 | F32: 1151542 | G32: =F32/E32 -> 2.9082942 | H32: 0.41623871 | I32: 0.14 | J32: =E32*I32 -> 55433.14 | K32: =F32*I32 -> 161215.88 | L32: =K32*H32 -> 67104.289
A33: 2012 | B33: Cook Inlet | C33: Chugach | D33: Pink Salmon | E33: 726064 | F33: 2595190 | G33: =F33/E33 -> 3.5743268 | H33: 0.32478389 | I33: 0.14 | J33: =E33*I33 -> 101648.96 | K33: =F33*I33 -> 363326.6 | L33: =K33*H33 -> 118002.63
A34: 2013 | B34: Cook Inlet | C34: Chugach | D34: Pink Salmon | E34: 2146679 | F34: 6616113 | G34: =F34/E34 -> 3.0820225 | H34: 0.38858936 | I34: 0.14 | J34: =E34*I34 -> 300535.06 | K34: =F34*I34 -> 926255.82 | L34: =K34*H34 -> 359933.16
... A151: 2020 | B151: Southeast/Yakutat | C151: Tongass | D151: Sockeye Salmon | E151: 453021 | F151: 2342837.5 | G151: =F151/E151 -> 5.171587 | H151: 1.6497337 | I151: 0.29 | J151: =E151*I151 -> 131376.09 | K151: =F151*I151 -> 679422.88 | L151: =K151*H151 -> 1120866.8

Sheet commercial_cpi
A1: Year | B1: CPI
A2: 2011 | B2: 1.44
A3: 2012 | B3: 1.4
A4: 2013 | B4: 1.38
A5: 2014 | B5: 1.36
A6: 2015 | B6: 1.36
A7: 2016 | B7: 1.34
A8: 2017 | B8: 1.31
A9: 2018 | B9: 1.28
A10: 2019 | B10: 1.26
A11: 2020 | B11: 1.23

Sheet Commercial
A1: Forest | B1: Species Name | C1: Year | D1: Sum of Number Of Fish (estimated) | E1: Sum of Whole Weight (lbs) | F1: Weight/fish (lbs) | G1: Proportion Forest | H1: # Forest Fish | I1: #ForestMass(lbs) | J1: Recovery Rate | K1: Avg Servings (6oz) | M1: % forest fish | P1: Number and % by species | T1: Number of Fish Per Year | W1: Number of Servings
A2: Chugach | B2: Chinook Salmon | C2: 2011 | D2: 30222 | E2: 620626.84 | F2: =E2/D2 -> 20.535598 | G2: 0.52 | H2: =D2*G2 -> 15715.44 | I2: =E2*G2 -> 322725.96 | J2: 0.55 | K2: =(I2*J2)/(6/16) -> 473331.4 | M2: Total catch | N2: =SUM(D2:D101) -> 1.0404546e+09 | P2: Row Labels | Q2: Sum of # Forest Fish | R2: % by species | T2: Row Labels | U2: Sum of # Forest Fish | W2: Row Labels | X2: Sum of Avg Servings (6oz)
A3: Chugach | B3: Chinook Salmon | C3: 2012 | D3: 14764 | E3: 303180.77 | F3: =E3/D3 -> 20.535137 | G3: {=G2} -> 0.52 | H3: =D3*G3 -> 7677.28 | I3: =E3*G3 -> 157654 | J3: 0.55 | K3: =(I3*J3)/(6/16) -> 231225.87 | M3: Forest catch | N3: =SUM(H2:H101) -> 4.4718694e+08 | P3: Chinook Salmon | Q3: 293803.56 | R3: =GETPIVOTDATA("# Forest Fish",$P$2,"Species Name","Chinook Salmon")/GETPIVOTDATA("# Forest Fish",$P$2)*100 -> 0.065700389 | T3: 2011 | U3: 68008573 | W3: 2011 | X3: 3.7405218e+08
A4: Chugach | B4: Chinook Salmon | C4: 2013 | D4: 15669 | E4: 260837.62 | F4: =E4/D4 -> 16.646731 | G4: 0.52 | H4: =D4*G4 -> 8147.88 | I4: =E4*G4 -> 135635.56 | J4: 0.55 | K4: =(I4*J4)/(6/16) -> 198932.16 | M4: % forest | N4: =N3/N2*100 -> 42.979959 | P4: Chum Salmon | Q4: 19852624 | R4: =GETPIVOTDATA("# Forest Fish",$P$2,"Species Name","Chum Salmon")/GETPIVOTDATA("# Forest Fish",$P$2)*100 -> 4.4394463 | T4: 2012 | U4: 30007942 | W4: 2012 | X4: 1.874733e+08
A5: Chugach | B5: Chinook Salmon | C5: 2014 | D5: 15531 | E5: 267525.01 | F5: =E5/D5 -> 17.225228 | G5: 0.52 | H5: =D5*G5 -> 8076.12 | I5: =E5*G5 -> 139113.01 | J5: 0.55 | K5: =(I5*J5)/(6/16) -> 204032.41 | P5: Coho Salmon | Q5: 20489778 | R5: =GETPIVOTDATA("# Forest Fish",$P$2,"Species Name","Coho Salmon")/GETPIVOTDATA("# Forest Fish",$P$2)*100 -> 4.5819267 | T5: 2013 | U5: 1.127784e+08 | W5: 2013 | X5: 5.3744682e+08
A6: Chugach | B6: Chinook Salmon | C6: 2015 | D6: 34194 | E6: 589024.35 | F6: =E6/D6 -> 17.225956 | G6: 0.52 | H6: =D6*G6 -> 17780.88 | I6: =E6*G6 -> 306292.66 | J6: 0.55 | K6: =(I6*J6)/(6/16) -> 449229.24 | M6: Total State Salmon Catch | P6: Pink Salmon | Q6: 3.9737056e+08 | R6: =GETPIVOTDATA("# Forest Fish",$P$2,"Species Name","Pink Salmon")/GETPIVOTDATA("# Forest Fish",$P$2)*100 -> 88.860054 | T6: 2014 | U6: 48420061 | W6: 2014 | X6: 2.7260034e+08
A7: Chugach | B7: Chinook Salmon | C7: 2016 | D7: 23192 | E7: 420544.52 | F7: =E7/D7 -> 18.133172 | G7: 0.52 | H7: =D7*G7 -> 12059.84 | I7: =E7*G7 -> 218683.15 | J7: 0.55 | K7: =(I7*J7)/(6/16) -> 320735.29 | M7: Year | N7: Number of Fish | P7: Sockeye Salmon | Q7: 9180176.3 | R7: =GETPIVOTDATA("# Forest Fish",$P$2,"Species Name","Sockeye Salmon")/GETPIVOTDATA("# Forest Fish",$P$2)*100 -> 2.0528722 | T7: 2015 | U7: 54173018 | W7: 2015 | X7: 2.9818021e+08
A8: Chugach | B8: Chinook Salmon | C8: 2017 | D8: 22400 | E8: 471913.78 | F8: =E8/D8 -> 21.067579 | G8: 0.52 | H8: =D8*G8 -> 11648 | I8: =E8*G8 -> 245395.16 | J8: 0.55 | K8: =(I8*J8)/(6/16) -> 359912.91 | M8: 2020 | N8: 116812649 | P8: Grand Total | Q8: 4.4718694e+08 | R8: =SUM(R3:R7) -> 100 | T8: 2016 | U8: 24772014 | W8: 2016 | X8: 1.6391939e+08
A9: Chugach | B9: Chinook Salmon | C9: 2018 | D9: 11937 | E9: 185792.48 | F9: =E9/D9 -> 15.56442 | G9: 0.52 | H9: =D9*G9 -> 6207.24 | I9: =E9*G9 -> 96612.092 | J9: 0.55 | K9: =(I9*J9)/(6/16) -> 141697.74 | M9: 2019 | N9: 204359949 | T9: 2017 | U9: 46848004 | W9: 2017 | X9: 2.7437398e+08
A10: Chugach | B10: Chinook Salmon | C10: 2019 | D10: 23367 | E10: 427114.34 | F10: =E10/D10 -> 18.278527 | G10: 0.52 | H10: =D10*G10 -> 12150.84 | I10: =E10*G10 -> 222099.45 | J10: 0.55 | K10: =(I10*J10)/(6/16) -> 325745.87 | M10: 2018 | N10: 113824027 | T10: 2018 | U10: 15863084 | W10: 2018 | X10: 1.1478108e+08
A11: Chugach | B11: Chinook Salmon | C11: 2020 | D11: 10188 | E11: 134246.19 | F11: =E11/D11 -> 13.176894 | G11: 0.52 | H11: =D11*G11 -> 5297.76 | I11: =E11*G11 -> 69808.02 | J11: 0.55 | K11: =(I11*J11)/(6/16) -> 102385.1 | M11: 2017 | N11: 222838278 | T11: 2019 | U11: 32386230 | W11: 2019 | X11: 1.9000917e+08
A12: Chugach | B12: Chum Salmon | C12: 2011 | D12: 2075061 | E12: 15242710 | F12: =E12/D12 -> 7.3456682 | G12: 0.08 | H12: =D12*G12 -> 166004.88 | I12: =E12*G12 -> 1219416.8 | J12: 0.6 | K12: =(I12*J12)/(6/16) -> 1951066.8 | M12: 2016 | N12: 111236964 | T12: 2020 | U12: 13929623 | W12: 2020 | X12: 82524071
A13: Chugach | B13: Chum Salmon | C13: 2012 | D13: 4143735 | E13: 29831634 | F13: =E13/D13 -> 7.1992138 | G13: 0.08 | H13: =D13*G13 -> 331498.8 | I13: =E13*G13 -> 2386530.8 | J13: 0.6 | K13: =(I13*J13)/(6/16) -> 3818449.2 | M13: 2015 | N13: 265118099 | P13: Number and % by Forest | T13: (blank) | W13: (blank)
A14: Chugach | B14: Chum Salmon | C14: 2013 | D14: 4264105 | E14: 31773037 | F14: =E14/D14 -> 7.4512792 | G14: 0.08 | H14: =D14*G14 -> 341128.4 | I14: =E14*G14 -> 2541842.9 | J14: 0.6 | K14: =(I14*J14)/(6/16) -> 4066948.7 | M14: 2014 | N14: 156429264 | P14: Row Labels | Q14: Sum of # Forest Fish | R14: % by forest | T14: Grand Total | U14: 4.4718694e+08 | W14: Average # servings | X14: =AVERAGE(X3:X12) -> 2.4953605e+08
A15: Chugach | B15: Chum Salmon | C15: 2014 | D15: 1706745 | E15: 13021968 | F15: =E15/D15 -> 7.629709 | G15: 0.08 | H15: =D15*G15 -> 136539.6 | I15: =E15*G15 -> 1041757.4 | J15: 0.6 | K15: =(I15*J15)/(6/16) -> 1666811.9 | M15: 2013 | N15: 280323323 | P15: Chugach | Q15: 79179876 | R15: =GETPIVOTDATA("# Forest Fish",$P$14,"Forest","Chugach")/GETPIVOTDATA("# Forest Fish",$P$14)*100 -> 17.706214 | W15: Number of lbs | X15: =X14*(6/16) -> 93576020
A16: Chugach | B16: Chum Salmon | C16: 2015 | D16: 2900187 | E16: 18080004 | F16: =E16/D16 -> 6.2340822 | G16: 0.08 | H16: =D16*G16 -> 232014.96 | I16: =E16*G16 -> 1446400.3 | J16: 0.6 | K16: =(I16*J16)/(6/16) -> 2314240.5 | M16: 2012 | N16: 127249924 | P16: Tongass | Q16: 3.6800707e+08 | R16: =GETPIVOTDATA("# Forest Fish",$P$14,"Forest","Tongass")/GETPIVOTDATA("# Forest Fish",$P$14)*100 -> 82.293786
A17: Chugach | B17: Chum Salmon | C17: 2016 | D17: 3368157 | E17: 23474819 | F17: =E17/D17 -> 6.9696332 | G17: 0.08 | H17: =D17*G17 -> 269452.56 | I17: =E17*G17 -> 1877985.5 | J17: 0.6 | K17: =(I17*J17)/(6/16) -> 3004776.8 | M17: 2011 | N17: 177214215 | P17: (blank)
A18: Chugach | B18: Chum Salmon | C18: 2017 | D18: 5832649 | E18: 44290753 | F18: =E18/D18 -> 7.5935914 | G18: 0.08 | H18: =D18*G18 -> 466611.92 | I18: =E18*G18 -> 3543260.2 | J18: 0.6 | K18: =(I18*J18)/(6/16) -> 5669216.4 | M18: Total State Catch | N18: =SUM(N8:N17) -> 1775406692 | P18: Grand Total | Q18: 4.4718694e+08
A19: Chugach | B19: Chum Salmon | C19: 2018 | D19: 3632471 | E19: 30344027 | F19: =E19/D19 -> 8.3535497 | G19: 0.08 | H19: =D19*G19 -> 290597.68 | I19: =E19*G19 -> 2427522.1 | J19: 0.6 | K19: =(I19*J19)/(6/16) -> 3884035.4 | M19: % Forest | N19: =N3/N18 -> 0.2518786
A20: Chugach | B20: Chum Salmon | C20: 2019 | D20: 5566420 | E20: 34626290 | F20: =E20/D20 -> 6.2205673 | G20: 0.08 | H20: =D20*G20 -> 445313.6 | I20: =E20*G20 -> 2770103.2 | J20: 0.6 | K20: =(I20*J20)/(6/16) -> 4432165.2
A21: Chugach | B21: Chum Salmon | C21: 2020 | D21: 2062606 | E21: 15439300 | F21: =E21/D21 -> 7.4853365 | G21: 0.08 | H21: =D21*G21 -> 165008.48 | I21: =E21*G21 -> 1235144 | J21: 0.6 | K21: =(I21*J21)/(6/16) -> 1976230.4
A22: Chugach | B22: Coho Salmon | C22: 2011 | D22: 465955 | E22: 3188543.2 | F22: =E22/D22 -> 6.8430283 | G22: 0.64 | H22: =D22*G22 -> 298211.2 | I22: =E22*G22 -> 2040667.7 | J22: 0.57 | K22: =(I22*J22)/(6/16) -> 3101814.9
A23: Chugach | B23: Coho Salmon | C23: 2012 | D23: 316579 | E23: 2350273.6 | F23: =E23/D23 -> 7.4239717 | G23: 0.64 | H23: =D23*G23 -> 202610.56 | I23: =E23*G23 -> 1504175.1 | J23: 0.57 | K23: =(I23*J23)/(6/16) -> 2286346.1
A24: Chugach | B24: Coho Salmon | C24: 2013 | D24: 886027 | E24: 6569246.7 | F24: =E24/D24 -> 7.4142737 | G24: 0.64 | H24: =D24*G24 -> 567057.28 | I24: =E24*G24 -> 4204317.9 | J24: 0.57 | K24: =(I24*J24)/(6/16) -> 6390563.2
A25: Chugach | B25: Coho Salmon | C25: 2014 | D25: 751083 | E25: 5835139.6 | F25: =E25/D25 -> 7.7689677 | G25: 0.64 | H25: =D25*G25 -> 480693.12 | I25: =E25*G25 -> 3734489.3 | J25: 0.57 | K25: =(I25*J25)/(6/16) -> 5676423.8
A26: Chugach | B26: Coho Salmon | C26: 2015 | D26: 442106 | E26: 2871770.7 | F26: =E26/D26 -> 6.495661 | G26: 0.64 | H26: =D26*G26 -> 282947.84 | I26: =E26*G26 -> 1837933.3 | J26: 0.57 | K26: =(I26*J26)/(6/16) -> 2793658.5
A27: Chugach | B27: Coho Salmon | C27: 2016 | D27: 629415 | E27: 5356469.1 | F27: =E27/D27 -> 8.5102342 | G27: 0.64 | H27: =D27*G27 -> 402825.6 | I27: =E27*G27 -> 3428140.2 | J27: 0.57 | K27: =(I27*J27)/(6/16) -> 5210773.1
A28: Chugach | B28: Coho Salmon | C28: 2017 | D28: 872302 | E28: 6552311.3 | F28: =E28/D28 -> 7.511517 | G28: 0.64 | H28: =D28*G28 -> 558273.28 | I28: =E28*G28 -> 4193479.3 | J28: 0.57 | K28: =(I28*J28)/(6/16) -> 6374088.5
A29: Chugach | B29: Coho Salmon | C29: 2018 | D29: 769089 | E29: 6177614.9 | F29: =E29/D29 -> 8.0323797 | G29: 0.64 | H29: =D29*G29 -> 492216.96 | I29: =E29*G29 -> 3953673.5 | J29: 0.57 | K29: =(I29*J29)/(6/16) -> 6009583.8
A30: Chugach | B30: Coho Salmon | C30: 2019 | D30: 701182 | E30: 5318938.9 | F30: =E30/D30 -> 7.5856751 | G30: 0.64 | H30: =D30*G30 -> 448756.48 | I30: =E30*G30 -> 3404120.9 | J30: 0.57 | K30: =(I30*J30)/(6/16) -> 5174263.7
A31: Chugach | B31: Coho Salmon | C31: 2020 | D31: 430063 | E31: 3243531.1 | F31: =E31/D31 -> 7.5419907 | G31: 0.64 | H31: =D31*G31 -> 275240.32 | I31: =E31*G31 -> 2075859.9 | J31: 0.57 | K31: =(I31*J31)/(6/16) -> 3155307.1
... A101: Tongass | B101: Sockeye Salmon | C101: 2020 | D101: 453021 | E101: 2342837.5 | F101: =E101/D101 -> 5.171587 | G101: 0.29 | H101: =D101*G101 -> 131376.09 | I101: =E101*G101 -> 679422.88 | J101: 0.53 | K101: =(I101*J101)/(6/16) -> 960251

Sheet Sport
C1: =CombinedRAW!L5 -> Chinook | D1: =CombinedRAW!M5 -> Chinook | E1: =CombinedRAW!N5 -> Chum | F1: =CombinedRAW!O5 -> Chum | G1: =CombinedRAW!P5 -> Coho | H1: =CombinedRAW!Q5 -> Coho | I1: =CombinedRAW!R5 -> Pink | J1: =CombinedRAW!S5 -> Pink | ... L1: =CombinedRAW!U5 -> Sockeye | M1: Totals | R1: % by species | V1: % by Forest
A2: =CombinedRAW!J6 -> Forest | B2: =CombinedRAW!K6 -> Year | C2: Conservative | D2: Liberal | E2: Conservative | F2: Liberal | G2: Conservative | H2: Liberal | I2: Conservative | J2: Liberal | K2: Conservative | L2: Liberal | M2: Total Conservative | N2: Total Liberal | R2: Species | S2: % Cons | T2: % Lib | W2: Conservative | X2: Liberal
A3: Chugach | B3: 2011 | C3: =CombinedRAW!L27 -> 1749.81 | D3: =CombinedRAW!M27 -> 10293 | E3: =CombinedRAW!N27 -> 95.738133 | F3: =CombinedRAW!O27 -> 188.17267 | G3: =CombinedRAW!P27 -> 46602.27 | H3: =CombinedRAW!Q27 -> 87555 | I3: =CombinedRAW!R27 -> 2724.3936 | J3: =CombinedRAW!S27 -> 6254.504 | ... L3: =CombinedRAW!U27 -> 434629.7 | M3: =SUM(C3,E3,G3,I3,K3) -> 291555.76 | N3: =SUM(D3,F3,H3,J3,L3) -> 538920.38 | R3: Chinook | S3: =(C37/M37)*100 -> 3.0646461 | T3: =(D37/N37)*100 -> 2.6234811 | V3: Chugach | W3: =M35/M37 -> 0.49317059 | X3: =N35/N37 -> 0.63761035
A4: Chugach | B4: 2012 | C4: =CombinedRAW!L28 -> 206.04 | D4: =CombinedRAW!M28 -> 1212 | E4: =CombinedRAW!N28 -> 23.728 | F4: =CombinedRAW!O28 -> 382.16 | G4: =CombinedRAW!P28 -> 38631.04 | H4: =CombinedRAW!Q28 -> 68725 | I4: =CombinedRAW!R28 -> 3262.0224 | J4: =CombinedRAW!S28 -> 20284.38 | ... L4: =CombinedRAW!U28 -> 487280.63 | M4: =SUM(C4,E4,G4,I4,K4) -> 305919.21 | N4: =SUM(D4,F4,H4,J4,L4) -> 577884.17 | R4: Chum | S4: =E37/M37*100 -> 1.2979761 | T4: =F37/N37*100 -> 0.95057633 | V4: Tongass | W4: =M36/M37 -> 0.50682941 | X4: =N36/N37 -> 0.36238965
A5: Chugach | B5: 2013 | C5: =CombinedRAW!L29 -> 238.85 | D5: =CombinedRAW!M29 -> 1405 | E5: =CombinedRAW!N29 -> 251.26667 | F5: =CombinedRAW!O29 -> 440.83333 | G5: =CombinedRAW!P29 -> 48919.03 | H5: =CombinedRAW!Q29 -> 92842 | I5: =CombinedRAW!R29 -> 2016.3513 | J5: =CombinedRAW!S29 -> 5114.3903 | ... L5: =CombinedRAW!U29 -> 485197.65 | M5: =SUM(C5,E5,G5,I5,K5) -> 322259.38 | N5: =SUM(D5,F5,H5,J5,L5) -> 584999.87 | R5: Coho | S5: =G37/M37*100 -> 40.536884 | T5: =H37/N37*100 -> 33.807269
A6: Chugach | B6: 2014 | C6: =CombinedRAW!L30 -> 221.17 | D6: =CombinedRAW!M30 -> 1301 | E6: =CombinedRAW!N30 -> 105.984 | F6: =CombinedRAW!O30 -> 158.48 | G6: =CombinedRAW!P30 -> 43593.813 | H6: =CombinedRAW!Q30 -> 93534.152 | I6: =CombinedRAW!R30 -> 4785.5511 | J6: =CombinedRAW!S30 -> 28773.546 | ... L6: =CombinedRAW!U30 -> 415208.14 | M6: =SUM(C6,E6,G6,I6,K6) -> 286869.32 | N6: =SUM(D6,F6,H6,J6,L6) -> 538975.32 | R6: Pink | S6: =I37/M37*100 -> 12.390012 | T6: =J37/N37*100 -> 10.45725 | V6: % from Foreest
A7: Chugach | B7: 2015 | C7: =CombinedRAW!L31 -> 681.53 | D7: =CombinedRAW!M31 -> 4009 | E7: =CombinedRAW!N31 -> 476.92613 | F7: =CombinedRAW!O31 -> 703.15767 | G7: =CombinedRAW!P31 -> 64093.84 | H7: =CombinedRAW!Q31 -> 115981 | I7: =CombinedRAW!R31 -> 6844.0337 | J7: =CombinedRAW!S31 -> 11789.193 | ... L7: =CombinedRAW!U31 -> 411732.11 | M7: =SUM(C7,E7,G7,I7,K7) -> 303657.91 | N7: =SUM(D7,F7,H7,J7,L7) -> 544214.46 | R7: Sockeye | S7: =K37/M37*100 -> 42.710482 | T7: =L37/N37*100 -> 52.161423 | W7: Total Harvest | X7: Forest Harvest | Y7: % From Forest | Z7: Notes
A8: Chugach | B8: 2016 | C8: =CombinedRAW!L32 -> 1449.08 | D8: =CombinedRAW!M32 -> 8524 | E8: =CombinedRAW!N32 -> 148.8184 | F8: =CombinedRAW!O32 -> 729.273 | G8: =CombinedRAW!P32 -> 33630.4 | H8: =CombinedRAW!Q32 -> 65821 | I8: =CombinedRAW!R32 -> 4944.191 | J8: =CombinedRAW!S32 -> 27789.145 | ... L8: =CombinedRAW!U32 -> 354975.33 | M8: =SUM(C8,E8,G8,I8,K8) -> 233537.81 | N8: =SUM(D8,F8,H8,J8,L8) -> 457838.75 | V8: Chugach | W8: 272502 | X8: =SUM(N3:N12)/10 -> 500940.99 | Y8: =X8/W8*100 -> 183.83021 | Z8: total harvest from Haught spreadsheet
A9: Chugach | B9: 2017 | C9: =CombinedRAW!L33 -> 1666.34 | D9: =CombinedRAW!M33 -> 9802 | E9: =CombinedRAW!N33 -> 269.51413 | F9: =CombinedRAW!O33 -> 328.64267 | G9: =CombinedRAW!P33 -> 37422.87 | H9: =CombinedRAW!Q33 -> 79608 | I9: =CombinedRAW!R33 -> 5472.497 | J9: =CombinedRAW!S33 -> 11255.263 | ... L9: =CombinedRAW!U33 -> 329775.86 | M9: =SUM(C9,E9,G9,I9,K9) -> 231582.86 | N9: =SUM(D9,F9,H9,J9,L9) -> 430769.77 | V9: Tongass | W9: =4501817/10 -> 450181.7 | X9: =SUM(N13:N22)/10 -> 284712.81 | Y9: =X9/W9*100 -> 63.243977
A10: Chugach | B10: 2018 | C10: =CombinedRAW!L34 -> 331.67 | D10: =CombinedRAW!M34 -> 1951 | E10: =CombinedRAW!N34 -> 470.35307 | F10: =CombinedRAW!O34 -> 516.44133 | G10: =CombinedRAW!P34 -> 36550.39 | H10: =CombinedRAW!Q34 -> 79177 | I10: =CombinedRAW!R34 -> 5947.248 | J10: =CombinedRAW!S34 -> 25405.52 | ... L10: =CombinedRAW!U34 -> 216196.64 | M10: =SUM(C10,E10,G10,I10,K10) -> 174585.34 | N10: =SUM(D10,F10,H10,J10,L10) -> 323246.6 | V10: Total | W10: =SUM(W8:W9) -> 722683.7 | X10: =SUM(X8:X9) -> 785653.8 | Y10: =X10/W10*100 -> 108.71337
A11: Chugach | B11: 2019 | C11: =CombinedRAW!L35 -> 343.57 | D11: =CombinedRAW!M35 -> 2021 | E11: =CombinedRAW!N35 -> 394.6392 | F11: =CombinedRAW!O35 -> 452.049 | G11: =CombinedRAW!P35 -> 39018.568 | H11: =CombinedRAW!Q35 -> 75589.422 | I11: =CombinedRAW!R35 -> 5252.9678 | J11: =CombinedRAW!S35 -> 11481.875 | ... L11: =CombinedRAW!U35 -> 553758.17 | M11: =SUM(C11,E11,G11,I11,K11) -> 366239.77 | N11: =SUM(D11,F11,H11,J11,L11) -> 643302.51
A12: Chugach | B12: 2020 | C12: =CombinedRAW!L36 -> 229.67 | D12: =CombinedRAW!M36 -> 1351 | E12: =CombinedRAW!N36 -> 137.9696 | F12: =CombinedRAW!O36 -> 156.212 | G12: =CombinedRAW!P36 -> 26256.261 | H12: =CombinedRAW!Q36 -> 50239.51 | I12: =CombinedRAW!R36 -> 6894.8702 | J12: =CombinedRAW!S36 -> 22247.945 | ... L12: =CombinedRAW!U36 -> 295263.45 | M12: =SUM(C12,E12,G12,I12,K12) -> 202558.23 | N12: =SUM(D12,F12,H12,J12,L12) -> 369258.12
A13: Tongass | B13: 2011 | C13: =CombinedRAW!L37 -> 18630.475 | D13: =CombinedRAW!M37 -> 18797.01 | E13: =CombinedRAW!N37 -> 14483.272 | F13: =CombinedRAW!O37 -> 14634.278 | G13: =CombinedRAW!P37 -> 135379.86 | H13: =CombinedRAW!Q37 -> 136931.43 | I13: =CombinedRAW!R37 -> 52051.304 | J13: =CombinedRAW!S37 -> 53771.63 | ... L13: =CombinedRAW!U37 -> 15005.05 | M13: =SUM(C13,E13,G13,I13,K13) -> 234644.64 | N13: =SUM(D13,F13,H13,J13,L13) -> 239139.4
A14: Tongass | B14: 2012 | C14: =CombinedRAW!L38 -> 12855.241 | D14: =CombinedRAW!M38 -> 12870.77 | E14: =CombinedRAW!N38 -> 4337.8767 | F14: =CombinedRAW!O38 -> 4419.5605 | G14: =CombinedRAW!P38 -> 135729.73 | H14: =CombinedRAW!Q38 -> 137538.94 | I14: =CombinedRAW!R38 -> 50305.043 | J14: =CombinedRAW!S38 -> 51743.515 | ... L14: =CombinedRAW!U38 -> 9501 | M14: =SUM(C14,E14,G14,I14,K14) -> 212132.99 | N14: =SUM(D14,F14,H14,J14,L14) -> 216073.79
A15: Tongass | B15: 2013 | C15: =CombinedRAW!L39 -> 12682.13 | D15: =CombinedRAW!M39 -> 12940.747 | E15: =CombinedRAW!N39 -> 15853.122 | F15: =CombinedRAW!O39 -> 16097.193 | G15: =CombinedRAW!P39 -> 191155.57 | H15: =CombinedRAW!Q39 -> 192935.76 | I15: =CombinedRAW!R39 -> 71477.023 | J15: =CombinedRAW!S39 -> 74115.246 | ... L15: =CombinedRAW!U39 -> 13476.2 | M15: =SUM(C15,E15,G15,I15,K15) -> 304239.35 | N15: =SUM(D15,F15,H15,J15,L15) -> 309565.15
A16: Tongass | B16: 2014 | C16: =CombinedRAW!L40 -> 29941.309 | D16: =CombinedRAW!M40 -> 30258.934 | E16: =CombinedRAW!N40 -> 5708.0025 | F16: =CombinedRAW!O40 -> 5932.4694 | G16: =CombinedRAW!P40 -> 281137.32 | H16: =CombinedRAW!Q40 -> 283375.11 | I16: =CombinedRAW!R40 -> 61152.401 | J16: =CombinedRAW!S40 -> 62129.08 | ... L16: =CombinedRAW!U40 -> 16182.75 | M16: =SUM(C16,E16,G16,I16,K16) -> 393195.66 | N16: =SUM(D16,F16,H16,J16,L16) -> 397878.34
A17: Tongass | B17: 2015 | C17: =CombinedRAW!L41 -> 22957.015 | D17: =CombinedRAW!M41 -> 23124.869 | E17: =CombinedRAW!N41 -> 5823.418 | F17: =CombinedRAW!O41 -> 5994.3654 | G17: =CombinedRAW!P41 -> 215609.63 | H17: =CombinedRAW!Q41 -> 219133.75 | I17: =CombinedRAW!R41 -> 73252.308 | J17: =CombinedRAW!S41 -> 74880.81 | ... L17: =CombinedRAW!U41 -> 14105.45 | M17: =SUM(C17,E17,G17,I17,K17) -> 330840.62 | N17: =SUM(D17,F17,H17,J17,L17) -> 337239.25
A18: Tongass | B18: 2016 | C18: =CombinedRAW!L42 -> 21214.056 | D18: =CombinedRAW!M42 -> 21806.163 | E18: =CombinedRAW!N42 -> 6841.2836 | F18: =CombinedRAW!O42 -> 6928.5792 | G18: =CombinedRAW!P42 -> 181604.04 | H18: =CombinedRAW!Q42 -> 184531.95 | I18: =CombinedRAW!R42 -> 78250.355 | J18: =CombinedRAW!S42 -> 79754.67 | ... L18: =CombinedRAW!U42 -> 11210.75 | M18: =SUM(C18,E18,G18,I18,K18) -> 298544.76 | N18: =SUM(D18,F18,H18,J18,L18) -> 304232.11
A19: Tongass | B19: 2017 | C19: =CombinedRAW!L43 -> 16623.658 | D19: =CombinedRAW!M43 -> 16825.082 | E19: =CombinedRAW!N43 -> 3806.9303 | F19: =CombinedRAW!O43 -> 3944.2411 | G19: =CombinedRAW!P43 -> 283894.97 | H19: =CombinedRAW!Q43 -> 286475.92 | I19: =CombinedRAW!R43 -> 73026.357 | J19: =CombinedRAW!S43 -> 75871.33 | ... L19: =CombinedRAW!U43 -> 10457.25 | M19: =SUM(C19,E19,G19,I19,K19) -> 387475.8 | N19: =SUM(D19,F19,H19,J19,L19) -> 393573.82
A20: Tongass | B20: 2018 | C20: =CombinedRAW!L44 -> 7311.6786 | D20: =CombinedRAW!M44 -> 7645.1053 | E20: =CombinedRAW!N44 -> 2033.464 | F20: =CombinedRAW!O44 -> 2069.4091 | G20: =CombinedRAW!P44 -> 129533.52 | H20: =CombinedRAW!Q44 -> 131869.63 | I20: =CombinedRAW!R44 -> 47994.702 | J20: =CombinedRAW!S44 -> 49279.04 | ... L20: =CombinedRAW!U44 -> 7145.35 | M20: =SUM(C20,E20,G20,I20,K20) -> 193877.47 | N20: =SUM(D20,F20,H20,J20,L20) -> 198008.53
A21: Tongass | B21: 2019 | C21: =CombinedRAW!L45 -> 8476.0113 | D21: =CombinedRAW!M45 -> 8694.0869 | E21: =CombinedRAW!N45 -> 6909.5224 | F21: =CombinedRAW!O45 -> 7050.9043 | G21: =CombinedRAW!P45 -> 162723.64 | H21: =CombinedRAW!Q45 -> 167385.53 | I21: =CombinedRAW!R45 -> 79204.337 | J21: =CombinedRAW!S45 -> 80244.44 | ... L21: =CombinedRAW!U45 -> 9839 | M21: =SUM(C21,E21,G21,I21,K21) -> 266487.06 | N21: =SUM(D21,F21,H21,J21,L21) -> 273213.97
A22: Tongass | B22: 2020 | C22: =CombinedRAW!L46 -> 11139.421 | D22: =CombinedRAW!M46 -> 11283.025 | E22: =CombinedRAW!N46 -> 3383.384 | F22: =CombinedRAW!O46 -> 3555.9691 | G22: =CombinedRAW!P46 -> 103242.68 | H22: =CombinedRAW!Q46 -> 106830.87 | I22: =CombinedRAW!R46 -> 48182.333 | J22: =CombinedRAW!S46 -> 49392.286 | ... L22: =CombinedRAW!U46 -> 7141.6 | M22: =SUM(C22,E22,G22,I22,K22) -> 172625.94 | N22: =SUM(D22,F22,H22,J22,L22) -> 178203.75
A23: Regional Total | B23: 2011 | C23: =SUM(C3,C13) -> 20380.285 | D23: =SUM(D3,D13) -> 29090.01 | E23: =SUM(E3,E13) -> 14579.01 | F23: =SUM(F3,F13) -> 14822.451 | G23: =SUM(G3,G13) -> 181982.13 | H23: =SUM(H3,H13) -> 224486.43 | I23: =SUM(I3,I13) -> 54775.697 | J23: =SUM(J3,J13) -> 60026.134 | ... L23: =SUM(L3,L13) -> 449634.75 | M23: =SUM(C23,E23,G23,I23,K23) -> 526200.4 | N23: =SUM(D23,F23,H23,J23,L23) -> 778059.78
A24: Regional Total | B24: 2012 | C24: =SUM(C4,C14) -> 13061.281 | D24: =SUM(D4,D14) -> 14082.77 | E24: =SUM(E4,E14) -> 4361.6047 | F24: =SUM(F4,F14) -> 4801.7205 | G24: =SUM(G4,G14) -> 174360.77 | H24: =SUM(H4,H14) -> 206263.94 | I24: =SUM(I4,I14) -> 53567.066 | J24: =SUM(J4,J14) -> 72027.895 | ... L24: =SUM(L4,L14) -> 496781.63 | M24: =SUM(C24,E24,G24,I24,K24) -> 518052.19 | N24: =SUM(D24,F24,H24,J24,L24) -> 793957.96
A25: Regional Total | B25: 2013 | C25: =SUM(C5,C15) -> 12920.98 | D25: =SUM(D5,D15) -> 14345.747 | E25: =SUM(E5,E15) -> 16104.389 | F25: =SUM(F5,F15) -> 16538.026 | G25: =SUM(G5,G15) -> 240074.6 | H25: =SUM(H5,H15) -> 285777.76 | I25: =SUM(I5,I15) -> 73493.374 | J25: =SUM(J5,J15) -> 79229.636 | ... L25: =SUM(L5,L15) -> 498673.85 | M25: =SUM(C25,E25,G25,I25,K25) -> 626498.73 | N25: =SUM(D25,F25,H25,J25,L25) -> 894565.02
A26: Regional Total | B26: 2014 | C26: =SUM(C6,C16) -> 30162.479 | D26: =SUM(D6,D16) -> 31559.934 | E26: =SUM(E6,E16) -> 5813.9865 | F26: =SUM(F6,F16) -> 6090.9494 | G26: =SUM(G6,G16) -> 324731.13 | H26: =SUM(H6,H16) -> 376909.26 | I26: =SUM(I6,I16) -> 65937.953 | J26: =SUM(J6,J16) -> 90902.626 | ... L26: =SUM(L6,L16) -> 431390.89 | M26: =SUM(C26,E26,G26,I26,K26) -> 680064.98 | N26: =SUM(D26,F26,H26,J26,L26) -> 936853.66
A27: Regional Total | B27: 2015 | C27: =SUM(C7,C17) -> 23638.545 | D27: =SUM(D7,D17) -> 27133.869 | E27: =SUM(E7,E17) -> 6300.3442 | F27: =SUM(F7,F17) -> 6697.5231 | G27: =SUM(G7,G17) -> 279703.47 | H27: =SUM(H7,H17) -> 335114.75 | I27: =SUM(I7,I17) -> 80096.341 | J27: =SUM(J7,J17) -> 86670.003 | ... L27: =SUM(L7,L17) -> 425837.56 | M27: =SUM(C27,E27,G27,I27,K27) -> 634498.53 | N27: =SUM(D27,F27,H27,J27,L27) -> 881453.7
A28: Regional Total | B28: 2016 | C28: =SUM(C8,C18) -> 22663.136 | D28: =SUM(D8,D18) -> 30330.163 | E28: =SUM(E8,E18) -> 6990.102 | F28: =SUM(F8,F18) -> 7657.8522 | G28: =SUM(G8,G18) -> 215234.44 | H28: =SUM(H8,H18) -> 250352.95 | I28: =SUM(I8,I18) -> 83194.546 | J28: =SUM(J8,J18) -> 107543.82 | ... L28: =SUM(L8,L18) -> 366186.08 | M28: =SUM(C28,E28,G28,I28,K28) -> 532082.57 | N28: =SUM(D28,F28,H28,J28,L28) -> 762070.85
A29: Regional Total | B29: 2017 | C29: =SUM(C9,C19) -> 18289.998 | D29: =SUM(D9,D19) -> 26627.082 | E29: =SUM(E9,E19) -> 4076.4445 | F29: =SUM(F9,F19) -> 4272.8838 | G29: =SUM(G9,G19) -> 321317.84 | H29: =SUM(H9,H19) -> 366083.92 | I29: =SUM(I9,I19) -> 78498.854 | J29: =SUM(J9,J19) -> 87126.593 | ... L29: =SUM(L9,L19) -> 340233.11 | M29: =SUM(C29,E29,G29,I29,K29) -> 619058.66 | N29: =SUM(D29,F29,H29,J29,L29) -> 824343.59
A30: Regional Total | B30: 2018 | C30: =SUM(C10,C20) -> 7643.3486 | D30: =SUM(D10,D20) -> 9596.1053 | E30: =SUM(E10,E20) -> 2503.817 | F30: =SUM(F10,F20) -> 2585.8504 | G30: =SUM(G10,G20) -> 166083.91 | H30: =SUM(H10,H20) -> 211046.63 | I30: =SUM(I10,I20) -> 53941.95 | J30: =SUM(J10,J20) -> 74684.56 | ... L30: =SUM(L10,L20) -> 223341.99 | M30: =SUM(C30,E30,G30,I30,K30) -> 368462.81 | N30: =SUM(D30,F30,H30,J30,L30) -> 521255.13
A31: Regional Total | B31: 2019 | C31: =SUM(C11,C21) -> 8819.5813 | D31: =SUM(D11,D21) -> 10715.087 | E31: =SUM(E11,E21) -> 7304.1616 | F31: =SUM(F11,F21) -> 7502.9533 | G31: =SUM(G11,G21) -> 201742.21 | H31: =SUM(H11,H21) -> 242974.96 | I31: =SUM(I11,I21) -> 84457.305 | J31: =SUM(J11,J21) -> 91726.315 | ... L31: =SUM(L11,L21) -> 563597.17 | M31: =SUM(C31,E31,G31,I31,K31) -> 632726.83 | N31: =SUM(D31,F31,H31,J31,L31) -> 916516.48
A32: Regional Total | B32: 2020 | C32: =SUM(C12,C22) -> 11369.091 | D32: =SUM(D12,D22) -> 12634.025 | E32: =SUM(E12,E22) -> 3521.3536 | F32: =SUM(F12,F22) -> 3712.1811 | G32: =SUM(G12,G22) -> 129498.94 | H32: =SUM(H12,H22) -> 157070.38 | I32: =SUM(I12,I22) -> 55077.204 | J32: =SUM(J12,J22) -> 71640.231 | ... L32: =SUM(L12,L22) -> 302405.05 | M32: =SUM(C32,E32,G32,I32,K32) -> 375184.16 | N32: =SUM(D32,F32,H32,J32,L32) -> 547461.87
B35: Chugach Total | C35: =SUM(C3:C12) -> 7117.73 | D35: =SUM(D3:D12) -> 41869 | E35: =SUM(E3:E12) -> 2374.9373 | F35: =SUM(F3:F12) -> 4055.4217 | G35: =SUM(G3:G12) -> 414718.48 | H35: =SUM(H3:H12) -> 809072.08 | I35: =SUM(I3:I12) -> 48144.126 | J35: =SUM(J3:J12) -> 170395.76 | ... N35: =SUM(N3:N12) -> 5009409.9
B36: Tongass Total | C36: =SUM(C13:C22) -> 161831 | D36: =SUM(D13:D22) -> 164245.79 | E36: =SUM(E13:E22) -> 69180.276 | F36: =SUM(F13:F22) -> 70626.969 | G36: =SUM(G13:G22) -> 1820011 | H36: =SUM(H13:H22) -> 1847008.9 | I36: =SUM(I13:I22) -> 634896.16 | J36: =SUM(J13:J22) -> 651182.05 | ... N36: =SUM(N13:N22) -> 2847128.1
B37: Regional Total | C37: =SUM(C23:C32) -> 168948.73 | D37: =SUM(D23:D32) -> 206114.79 | E37: =SUM(E23:E32) -> 71555.213 | F37: =SUM(F23:F32) -> 74682.391 | G37: =SUM(G23:G32) -> 2234729.4 | H37: =SUM(H23:H32) -> 2656081 | I37: =SUM(I23:I32) -> 683040.29 | J37: =SUM(J23:J32) -> 821577.81 | ... N37: =SUM(N23:N32) -> 7856538
B38: Chugach Average | C38: =C35/10 -> 711.773 | D38: =D35/10 -> 4186.9 | E38: =E35/10 -> 237.49373 | F38: =F35/10 -> 405.54217 | G38: =G35/10 -> 41471.848 | H38: =H35/10 -> 80907.208 | I38: =I35/10 -> 4814.4126 | J38: =J35/10 -> 17039.576 | ... N38: =N35/10 -> 500940.99
B39: Tongass Average | C39: =C36/10 -> 16183.1 | D39: =D36/10 -> 16424.579 | E39: =E36/10 -> 6918.0276 | F39: =F36/10 -> 7062.6969 | G39: =G36/10 -> 182001.1 | H39: =H36/10 -> 184700.89 | I39: =I36/10 -> 63489.616 | J39: =J36/10 -> 65118.205 | ... N39: =N36/10 -> 284712.81
B40: Regional Average | C40: =C37/10 -> 16894.873 | D40: =D37/10 -> 20611.479 | E40: =E37/10 -> 7155.5213 | F40: =F37/10 -> 7468.2391 | G40: =G37/10 -> 223472.94 | H40: =H37/10 -> 265608.1 | I40: =I37/10 -> 68304.029 | J40: =J37/10 -> 82157.781 | ... N40: =N37/10 -> 785653.8
B41: Chugach fish mass (lbs) | C41: 17.838924 | D41: 17.838924 | E41: 7.248263 | F41: 7.248263 | G41: 7.5127699 | H41: 7.5127699 | I41: 3.5039594 | J41: 3.5039594 | K41: 5.6698982 | L41: 5.6698982
B42: Tongass fish mass (lbs) | C42: 13.877959 | D42: 13.877959 | E42: 8.2144153 | F42: 8.2144153 | G42: 6.9667653 | H42: 6.9667653 | I42: 3.6388193 | J42: 3.6388193 | K42: 5.7277995 | L42: 5.7277995
B43: Recovery rate | C43: 0.55 | D43: 0.55 | E43: 0.6 | F43: 0.6 | G43: 0.57 | H43: 0.57 | I43: 0.52 | J43: 0.52 | K43: 0.53 | L43: 0.53
B44: Chugach Total Lbs | C44: =C38*C41*C43 -> 6983.4955 | D44: =D38*D41*D43 -> 41079.385 | E44: =E38*E41*E43 -> 1032.8502 | F44: =F38*F41*F43 -> 1763.6858 | G44: =G38*G41*G43 -> 177594.02 | H44: =H38*H41*H43 -> 346467.23 | I44: =I38*I41*I43 -> 8772.1434 | J44: =J38*J41*J43 -> 31047.112 | ... L44: =L38*L41*L43 -> 1197215.6 | M44: =SUM(C44,E44,G44,I44,K44) -> 869439.14 | N44: =SUM(D44,F44,H44,J44,L44) -> 1617573.1
B45: Tongass Total Lbs | C45: =C39*C42*C43 -> 123523.61 | D45: =D39*D42*D43 -> 125366.8 | E45: =E39*E42*E43 -> 34096.531 | F45: =F39*F42*F43 -> 34809.555 | G45: =G39*G42*G43 -> 722736.58 | H45: =H39*H42*H43 -> 733457.62 | I45: =I39*I42*I43 -> 120134.16 | J45: =J39*J42*J43 -> 123215.76 | ... L45: =L39*L42*L43 -> 34626.915 | M45: =SUM(C45,E45,G45,I45,K45) -> 1033321.1 | N45: =SUM(D45,F45,H45,J45,L45) -> 1051476.6
B46: Regional Total Lbs | C46: =C44+C45 -> 130507.11 | D46: =D44+D45 -> 166446.18 | E46: =E44+E45 -> 35129.381 | F46: =F44+F45 -> 36573.241 | G46: =G44+G45 -> 900330.6 | H46: =H44+H45 -> 1079924.8 | I46: =I44+I45 -> 128906.31 | J46: =J44+J45 -> 154262.87 | ... L46: =L44+L45 -> 1231842.6 | M46: =SUM(C46,E46,G46,I46,K46) -> 1902760.2 | N46: =SUM(D46,F46,H46,J46,L46) -> 2669049.7
B47: # of 6 OZ servings | C47: =C46/(6/16) -> 348018.95 | D47: =D46/(6/16) -> 443856.49 | E47: =E46/(6/16) -> 93678.35 | F47: =F46/(6/16) -> 97528.643 | G47: =G46/(6/16) -> 2400881.6 | H47: =H46/(6/16) -> 2879799.6 | I47: =I46/(6/16) -> 343750.15 | J47: =J46/(6/16) -> 411367.65 | ... L47: =L46/(6/16) -> 3284913.5 | M47: =SUM(C47,E47,G47,I47,K47) -> 5074027.3 | N47: =SUM(D47,F47,H47,J47,L47) -> 7117465.9
B48: Resale Price | C48: ='Resale Values'!E21 -> 40.491667 | D48: =C48 -> 40.491667 | E48: ='Resale Values'!E22 -> 19.991111 | F48: =E48 -> 19.991111 | G48: ='Resale Values'!E23 -> 21.956667 | H48: =G48 -> 21.956667 | I48: ='Resale Values'!E24 -> 10.491667 | J48: =I48 -> 10.491667 | K48: ='Resale Values'!E25 -> 27.583333 | L48: =K48 -> 27.583333
B49: Replacement cost | C49: =C48*C46 -> 5284450.3 | D49: =D48*D46 -> 6739683.3 | E49: =E48*E46 -> 702275.36 | F49: =F48*F46 -> 731139.72 | G49: =G48*G46 -> 19768259 | H49: =H48*H46 -> 23711550 | I49: =I48*I46 -> 1352442 | J49: =J48*J46 -> 1618474.6 | ... L49: =L48*L46 -> 33978324 | M49: =SUM(C49,E49,G49,I49,K49) -> 46633305 | N49: =SUM(D49,F49,H49,J49,L49) -> 66779171
A51: No of 6-oz serving | C51: Chinook | D51: Chinook | E51: Chum | F51: Chum | G51: Coho | H51: Coho | I51: Pink | J51: Pink | K51: Sockeye | L51: Sockeye | M51: Totals | R51: % by species | V51: % by Forest
C52: Conservative | D52: Liberal | E52: Conservative | F52: Liberal | G52: Conservative | H52: Liberal | I52: Conservative | J52: Liberal | K52: Conservative | L52: Liberal | M52: Total Conservative | N52: Total Liberal | R52: Species | S52: % Cons | T52: % Lib | W52: Conservative | X52: Liberal
B53: 2011 | C53: =(((C3*C$41)+(C13*C$42))*C$43)/(6/16) -> 424992.61 | D53: =(((D3*D$41)+(D13*D$42))*D$43)/(6/16) -> 651904.25 | E53: =(((E3*E$41)+(E13*E$42))*E$43)/(6/16) -> 191464.88 | F53: =(((F3*F$41)+(F13*F$42))*F$43)/(6/16) -> 194521.54 | G53: =(((G3*G$41)+(G13*G$42))*G$43)/(6/16) -> 1965773.2 | H53: =(((H3*H$41)+(H13*H$42))*H$43)/(6/16) -> 2449859.6 | I53: =(((I3*I$41)+(I13*I$42))*I$43)/(6/16) -> 275879.35 | J53: =(((J3*J$41)+(J13*J$42))*J$43)/(6/16) -> 301712 | ... L53: =(((L3*L$41)+(L13*L$42))*L$43)/(6/16) -> 3604356.2 | M53: =SUM(C53,E53,G53,I53,K53) -> 4898554.4 | N53: =SUM(D53,F53,H53,J53,L53) -> 7202353.6
B54: 2012 | C54: =(((C4*C$41)+(C14*C$42))*C$43)/(6/16) -> 267050.72 | D54: =(((D4*D$41)+(D14*D$42))*D$43)/(6/16) -> 293686.49 | E54: =(((E4*E$41)+(E14*E$42))*E$43)/(6/16) -> 57288.172 | F54: =(((F4*F$41)+(F14*F$42))*F$43)/(6/16) -> 62518.563 | G54: =(((G4*G$41)+(G14*G$42))*G$43)/(6/16) -> 1878451.4 | H54: =(((H4*H$41)+(H14*H$42))*H$43)/(6/16) -> 2241265.3 | I54: =(((I4*I$41)+(I14*I$42))*I$43)/(6/16) -> 269680.26 | J54: =(((J4*J$41)+(J14*J$42))*J$43)/(6/16) -> 359647.18 | ... L54: =(((L4*L$41)+(L14*L$42))*L$43)/(6/16) -> 3981715.3 | M54: =SUM(C54,E54,G54,I54,K54) -> 4658480.6 | N54: =SUM(D54,F54,H54,J54,L54) -> 6938832.8
B55: 2013 | C55: =(((C5*C$41)+(C15*C$42))*C$43)/(6/16) -> 264385.59 | D55: =(((D5*D$41)+(D15*D$42))*D$43)/(6/16) -> 300160.44 | E55: =(((E5*E$41)+(E15*E$42))*E$43)/(6/16) -> 211272.6 | F55: =(((F5*F$41)+(F15*F$42))*F$43)/(6/16) -> 216678.89 | G55: =(((G5*G$41)+(G15*G$42))*G$43)/(6/16) -> 2582865.2 | H55: =(((H5*H$41)+(H15*H$42))*H$43)/(6/16) -> 3103290.9 | I55: =(((I5*I$41)+(I15*I$42))*I$43)/(6/16) -> 370457.96 | J55: =(((J5*J$41)+(J15*J$42))*J$43)/(6/16) -> 398822.81 | ... L55: =(((L5*L$41)+(L15*L$42))*L$43)/(6/16) -> 3997203.8 | M55: =SUM(C55,E55,G55,I55,K55) -> 5705114.4 | N55: =SUM(D55,F55,H55,J55,L55) -> 8016156.8
B56: 2014 | C56: =(((C6*C$41)+(C16*C$42))*C$43)/(6/16) -> 615222.21 | D56: =(((D6*D$41)+(D16*D$42))*D$43)/(6/16) -> 649939.66 | E56: =(((E6*E$41)+(E16*E$42))*E$43)/(6/16) -> 76249.764 | F56: =(((F6*F$41)+(F16*F$42))*F$43)/(6/16) -> 79808.755 | G56: =(((G6*G$41)+(G16*G$42))*G$43)/(6/16) -> 3474914.5 | H56: =(((H6*H$41)+(H16*H$42))*H$43)/(6/16) -> 4068900.8 | I56: =(((I6*I$41)+(I16*I$42))*I$43)/(6/16) -> 331816.73 | J56: =(((J6*J$41)+(J16*J$42))*J$43)/(6/16) -> 453298.32 | ... L56: =(((L6*L$41)+(L16*L$42))*L$43)/(6/16) -> 3458256.3 | M56: =SUM(C56,E56,G56,I56,K56) -> 6530217.3 | N56: =SUM(D56,F56,H56,J56,L56) -> 8710203.8
B57: 2015 | C57: =(((C7*C$41)+(C17*C$42))*C$43)/(6/16) -> 485106.26 | D57: =(((D7*D$41)+(D17*D$42))*D$43)/(6/16) -> 575581.92 | E57: =(((E7*E$41)+(E17*E$42))*E$43)/(6/16) -> 82068.576 | F57: =(((F7*F$41)+(F17*F$42))*F$43)/(6/16) -> 86939.006 | G57: =(((G7*G$41)+(G17*G$42))*G$43)/(6/16) -> 3015108.4 | H57: =(((H7*H$41)+(H17*H$42))*H$43)/(6/16) -> 3644947.8 | I57: =(((I7*I$41)+(I17*I$42))*I$43)/(6/16) -> 402872.6 | J57: =(((J7*J$41)+(J17*J$42))*J$43)/(6/16) -> 435117.4 | ... L57: =(((L7*L$41)+(L17*L$42))*L$43)/(6/16) -> 3413584.8 | M57: =SUM(C57,E57,G57,I57,K57) -> 5947608 | N57: =SUM(D57,F57,H57,J57,L57) -> 8156171
B58: 2016 | C58: =(((C8*C$41)+(C18*C$42))*C$43)/(6/16) -> 469711.47 | D58: =(((D8*D$41)+(D18*D$42))*D$43)/(6/16) -> 666869.89 | E58: =(((E8*E$41)+(E18*E$42))*E$43)/(6/16) -> 91641.31 | F58: =(((F8*F$41)+(F18*F$42))*F$43)/(6/16) -> 99520.303 | G58: =(((G8*G$41)+(G18*G$42))*G$43)/(6/16) -> 2307132.3 | H58: =(((H8*H$41)+(H18*H$42))*H$43)/(6/16) -> 2705735 | I58: =(((I8*I$41)+(I18*I$42))*I$43)/(6/16) -> 418860.89 | J58: =(((J8*J$41)+(J18*J$42))*J$43)/(6/16) -> 537451.02 | ... L58: =(((L8*L$41)+(L18*L$42))*L$43)/(6/16) -> 2935333.5 | M58: =SUM(C58,E58,G58,I58,K58) -> 4922964.1 | N58: =SUM(D58,F58,H58,J58,L58) -> 6944909.6
B59: 2017 | C59: =(((C9*C$41)+(C19*C$42))*C$43)/(6/16) -> 381961.28 | D59: =(((D9*D$41)+(D19*D$42))*D$43)/(6/16) -> 598920.56 | E59: =(((E9*E$41)+(E19*E$42))*E$43)/(6/16) -> 53160.346 | F59: =(((F9*F$41)+(F19*F$42))*F$43)/(6/16) -> 55650.757 | G59: =(((G9*G$41)+(G19*G$42))*G$43)/(6/16) -> 3433648.1 | H59: =(((H9*H$41)+(H19*H$42))*H$43)/(6/16) -> 3942708.3 | I59: =(((I9*I$41)+(I19*I$42))*I$43)/(6/16) -> 395068.44 | J59: =(((J9*J$41)+(J19*J$42))*J$43)/(6/16) -> 437521.13 | ... L59: =(((L9*L$41)+(L19*L$42))*L$43)/(6/16) -> 2727298.9 | M59: =SUM(C59,E59,G59,I59,K59) -> 5842320 | N59: =SUM(D59,F59,H59,J59,L59) -> 7762099.7
B60: 2018 | C60: =(((C10*C$41)+(C20*C$42))*C$43)/(6/16) -> 157502.12 | D60: =(((D10*D$41)+(D20*D$42))*D$43)/(6/16) -> 206656.55 | E60: =(((E10*E$41)+(E20*E$42))*E$43)/(6/16) -> 32180.736 | F60: =(((F10*F$41)+(F20*F$42))*F$43)/(6/16) -> 33187.662 | G60: =(((G10*G$41)+(G20*G$42))*G$43)/(6/16) -> 1789076.9 | H60: =(((H10*H$41)+(H20*H$42))*H$43)/(6/16) -> 2300585.9 | I60: =(((I10*I$41)+(I20*I$42))*I$43)/(6/16) -> 271069.71 | J60: =(((J10*J$41)+(J20*J$42))*J$43)/(6/16) -> 372094.57 | ... L60: =(((L10*L$41)+(L20*L$42))*L$43)/(6/16) -> 1790325.9 | M60: =SUM(C60,E60,G60,I60,K60) -> 3358581.8 | N60: =SUM(D60,F60,H60,J60,L60) -> 4702850.6
B61: 2019 | C61: =(((C11*C$41)+(C21*C$42))*C$43)/(6/16) -> 181512.69 | D61: =(((D11*D$41)+(D21*D$42))*D$43)/(6/16) -> 229839.34 | E61: =(((E11*E$41)+(E21*E$42))*E$43)/(6/16) -> 95389.016 | F61: =(((F11*F$41)+(F21*F$42))*F$43)/(6/16) -> 97913.002 | G61: =(((G11*G$41)+(G21*G$42))*G$43)/(6/16) -> 2168728.3 | H61: =(((H11*H$41)+(H21*H$42))*H$43)/(6/16) -> 2635712.9 | I61: =(((I11*I$41)+(I21*I$42))*I$43)/(6/16) -> 425174.81 | J61: =(((J11*J$41)+(J21*J$42))*J$43)/(6/16) -> 460688.16 | ... L61: =(((L11*L$41)+(L21*L$42))*L$43)/(6/16) -> 4517166.3 | M61: =SUM(C61,E61,G61,I61,K61) -> 5519230.1 | N61: =SUM(D61,F61,H61,J61,L61) -> 7941319.7
B62: 2020 | C62: =(((C12*C$41)+(C22*C$42))*C$43)/(6/16) -> 232744.57 | D62: =(((D12*D$41)+(D22*D$42))*D$43)/(6/16) -> 265005.75 | E62: =(((E12*E$41)+(E22*E$42))*E$43)/(6/16) -> 46068.098 | F62: =(((F12*F$41)+(F22*F$42))*F$43)/(6/16) -> 48547.956 | G62: =(((G12*G$41)+(G22*G$42))*G$43)/(6/16) -> 1393117.6 | H62: =(((H12*H$41)+(H22*H$42))*H$43)/(6/16) -> 1704989.3 | I62: =(((I12*I$41)+(I22*I$42))*I$43)/(6/16) -> 276620.79 | J62: =(((J12*J$41)+(J22*J$42))*J$43)/(6/16) -> 357323.89 | ... L62: =(((L12*L$41)+(L22*L$42))*L$43)/(6/16) -> 2423894 | M62: =SUM(C62,E62,G62,I62,K62) -> 3357202.7 | N62: =SUM(D62,F62,H62,J62,L62) -> 4799760.9
B63: Average | C63: =AVERAGE(C53:C62) -> 348018.95 | D63: =AVERAGE(D53:D62) -> 443856.49 | E63: =AVERAGE(E53:E62) -> 93678.35 | F63: =AVERAGE(F53:F62) -> 97528.643 | G63: =AVERAGE(G53:G62) -> 2400881.6 | H63: =AVERAGE(H53:H62) -> 2879799.6 | I63: =AVERAGE(I53:I62) -> 343750.15 | J63: =AVERAGE(J53:J62) -> 411367.65 | ... N63: =AVERAGE(N53:N62) -> 7117465.9
A64: Replacement Cost | B64: 2011 | C64: =(((C3*C$41)+(C13*C$42))*C$43)*C$48 -> 6453247.2 | D64: =(((D3*D$41)+(D13*D$42))*D$43)*D$48 -> 9898758.7 | E64: =(((E3*E$41)+(E13*E$42))*E$43)*E$48 -> 1435348.4 | F64: =(((F3*F$41)+(F13*F$42))*F$43)*F$48 -> 1458263.1 | G64: =(((G3*G$41)+(G13*G$42))*G$43)*G$48 -> 16185685 | H64: =(((H3*H$41)+(H13*H$42))*H$43)*H$48 -> 20171532 | I64: =(((I3*I$41)+(I13*I$42))*I$43)*I$48 -> 1085412.8 | J64: =(((J3*J$41)+(J13*J$42))*J$43)*J$48 -> 1187048.2 | ... L64: =(((L3*L$41)+(L13*L$42))*L$43)*L$48 -> 37282560 | M64: =SUM(C64,E64,G64,I64,K64) -> 46265540 | N64: =SUM(D64,F64,H64,J64,L64) -> 69998161
B65: 2012 | C65: =(((C4*C$41)+(C14*C$42))*C$43)*C$48 -> 4054998.3 | D65: =(((D4*D$41)+(D14*D$42))*D$43)*D$48 -> 4459445.8 | E65: =(((E4*E$41)+(E14*E$42))*E$43)*E$48 -> 429470.33 | F65: =(((F4*F$41)+(F14*F$42))*F$43)*F$48 -> 468680.83 | G65: =(((G4*G$41)+(G14*G$42))*G$43)*G$48 -> 15466699 | H65: =(((H4*H$41)+(H14*H$42))*H$43)*H$48 -> 18454018 | I65: =(((I4*I$41)+(I14*I$42))*I$43)*I$48 -> 1061023.3 | J65: =(((J4*J$41)+(J14*J$42))*J$43)*J$48 -> 1414986.9 | ... L65: =(((L4*L$41)+(L14*L$42))*L$43)*L$48 -> 41185868 | M65: =SUM(C65,E65,G65,I65,K65) -> 43623732 | N65: =SUM(D65,F65,H65,J65,L65) -> 65982999
B66: 2013 | C66: =(((C5*C$41)+(C15*C$42))*C$43)*C$48 -> 4014529.9 | D66: =(((D5*D$41)+(D15*D$42))*D$43)*D$48 -> 4557748.7 | E66: =(((E5*E$41)+(E15*E$42))*E$43)*E$48 -> 1583840.3 | F66: =(((F5*F$41)+(F15*F$42))*F$43)*F$48 -> 1624369.4 | G66: =(((G5*G$41)+(G15*G$42))*G$43)*G$48 -> 21266666 | H66: =(((H5*H$41)+(H15*H$42))*H$43)*H$48 -> 25551721 | I66: =(((I5*I$41)+(I15*I$42))*I$43)*I$48 -> 1457520.5 | J66: =(((J5*J$41)+(J15*J$42))*J$43)*J$48 -> 1569118.5 | ... L66: =(((L5*L$41)+(L15*L$42))*L$43)*L$48 -> 41346076 | M66: =SUM(C66,E66,G66,I66,K66) -> 51866308 | N66: =SUM(D66,F66,H66,J66,L66) -> 74649034
B67: 2014 | C67: =(((C6*C$41)+(C16*C$42))*C$43)*C$48 -> 9341764.7 | D67: =(((D6*D$41)+(D16*D$42))*D$43)*D$48 -> 9868927.6 | E67: =(((E6*E$41)+(E16*E$42))*E$43)*E$48 -> 571619.07 | F67: =(((F6*F$41)+(F16*F$42))*F$43)*F$48 -> 598299.64 | G67: =(((G6*G$41)+(G16*G$42))*G$43)*G$48 -> 28611577 | H67: =(((H6*H$41)+(H16*H$42))*H$43)*H$48 -> 33502312 | I67: =(((I6*I$41)+(I16*I$42))*I$43)*I$48 -> 1305491.5 | J67: =(((J6*J$41)+(J16*J$42))*J$43)*J$48 -> 1783445.6 | ... L67: =(((L6*L$41)+(L16*L$42))*L$43)*L$48 -> 35771338 | M67: =SUM(C67,E67,G67,I67,K67) -> 60849098 | N67: =SUM(D67,F67,H67,J67,L67) -> 81524323
B68: 2015 | C68: =(((C7*C$41)+(C17*C$42))*C$43)*C$48 -> 7366035.4 | D68: =(((D7*D$41)+(D17*D$42))*D$43)*D$48 -> 8739851.8 | E68: =(((E7*E$41)+(E17*E$42))*E$43)*E$48 -> 615240.76 | F68: =(((F7*F$41)+(F17*F$42))*F$43)*F$48 -> 651752.75 | G68: =(((G7*G$41)+(G17*G$42))*G$43)*G$48 -> 24825649 | H68: =(((H7*H$41)+(H17*H$42))*H$43)*H$48 -> 30011589 | I68: =(((I7*I$41)+(I17*I$42))*I$43)*I$48 -> 1585051.9 | J68: =(((J7*J$41)+(J17*J$42))*J$43)*J$48 -> 1711915 | ... L68: =(((L7*L$41)+(L17*L$42))*L$43)*L$48 -> 35309268 | M68: =SUM(C68,E68,G68,I68,K68) -> 54691092 | N68: =SUM(D68,F68,H68,J68,L68) -> 76424377
B69: 2016 | C69: =(((C8*C$41)+(C18*C$42))*C$43)*C$48 -> 7132275.1 | D69: =(((D8*D$41)+(D18*D$42))*D$43)*D$48 -> 10126002 | E69: =(((E8*E$41)+(E18*E$42))*E$43)*E$48 -> 687004.36 | F69: =(((F8*F$41)+(F18*F$42))*F$43)*F$48 -> 746070.54 | G69: =(((G8*G$41)+(G18*G$42))*G$43)*G$48 -> 18996350 | H69: =(((H8*H$41)+(H18*H$42))*H$43)*H$48 -> 22278345 | I69: =(((I8*I$41)+(I18*I$42))*I$43)*I$48 -> 1647955.8 | J69: =(((J8*J$41)+(J18*J$42))*J$43)*J$48 -> 2114533.8 | ... L69: =(((L8*L$41)+(L18*L$42))*L$43)*L$48 -> 30362356 | M69: =SUM(C69,E69,G69,I69,K69) -> 45382011 | N69: =SUM(D69,F69,H69,J69,L69) -> 65627307
B70: 2017 | C70: =(((C9*C$41)+(C19*C$42))*C$43)*C$48 -> 5799843.3 | D70: =(((D9*D$41)+(D19*D$42))*D$43)*D$48 -> 9094234.4 | E70: =(((E9*E$41)+(E19*E$42))*E$43)*E$48 -> 398525.39 | F70: =(((F9*F$41)+(F19*F$42))*F$43)*F$48 -> 417195.17 | G70: =(((G9*G$41)+(G19*G$42))*G$43)*G$48 -> 28271800 | H70: =(((H9*H$41)+(H19*H$42))*H$43)*H$48 -> 32463275 | I70: =(((I9*I$41)+(I19*I$42))*I$43)*I$48 -> 1554347.4 | J70: =(((J9*J$41)+(J19*J$42))*J$43)*J$48 -> 1721372.2 | ... L70: =(((L9*L$41)+(L19*L$42))*L$43)*L$48 -> 28210498 | M70: =SUM(C70,E70,G70,I70,K70) -> 52351938 | N70: =SUM(D70,F70,H70,J70,L70) -> 71906574
B71: 2018 | C71: =(((C10*C$41)+(C20*C$42))*C$43)*C$48 -> 2391571.2 | D71: =(((D10*D$41)+(D20*D$42))*D$43)*D$48 -> 3137950.6 | E71: =(((E10*E$41)+(E20*E$42))*E$43)*E$48 -> 241248.25 | F71: =(((F10*F$41)+(F20*F$42))*F$43)*F$48 -> 248796.84 | G71: =(((G10*G$41)+(G20*G$42))*G$43)*G$48 -> 14730812 | H71: =(((H10*H$41)+(H20*H$42))*H$43)*H$48 -> 18942449 | I71: =(((I10*I$41)+(I20*I$42))*I$43)*I$48 -> 1066489.9 | J71: =(((J10*J$41)+(J20*J$42))*J$43)*J$48 -> 1463959.6 | ... L71: =(((L10*L$41)+(L20*L$42))*L$43)*L$48 -> 18518684 | M71: =SUM(C71,E71,G71,I71,K71) -> 29898778 | N71: =SUM(D71,F71,H71,J71,L71) -> 42311840
B72: 2019 | C72: =(((C11*C$41)+(C21*C$42))*C$43)*C$48 -> 2756156.8 | D72: =(((D11*D$41)+(D21*D$42))*D$43)*D$48 -> 3489966.8 | E72: =(((E11*E$41)+(E21*E$42))*E$43)*E$48 -> 715099.66 | F72: =(((F11*F$41)+(F21*F$42))*F$43)*F$48 -> 734021.14 | G72: =(((G11*G$41)+(G21*G$42))*G$43)*G$48 -> 17856767 | H72: =(((H11*H$41)+(H21*H$42))*H$43)*H$48 -> 21701801 | I72: =(((I11*I$41)+(I21*I$42))*I$43)*I$48 -> 1672797.2 | J72: =(((J11*J$41)+(J21*J$42))*J$43)*J$48 -> 1812520 | ... L72: =(((L11*L$41)+(L21*L$42))*L$43)*L$48 -> 46724439 | M72: =SUM(C72,E72,G72,I72,K72) -> 50395469 | N72: =SUM(D72,F72,H72,J72,L72) -> 74462748
B73: 2020 | C73: =(((C12*C$41)+(C22*C$42))*C$43)*C$48 -> 3534080.9 | D73: =(((D12*D$41)+(D22*D$42))*D$43)*D$48 -> 4023946.7 | E73: =(((E12*E$41)+(E22*E$42))*E$43)*E$48 -> 345357.17 | F73: =(((F12*F$41)+(F22*F$42))*F$43)*F$48 -> 363947.84 | G73: =(((G12*G$41)+(G22*G$42))*G$43)*G$48 -> 11470582 | H73: =(((H12*H$41)+(H22*H$42))*H$43)*H$48 -> 14038456 | I73: =(((I12*I$41)+(I22*I$42))*I$43)*I$48 -> 1088329.9 | J73: =(((J12*J$41)+(J22*J$42))*J$43)*J$48 -> 1405846.2 | ... L73: =(((L12*L$41)+(L22*L$42))*L$43)*L$48 -> 25072154 | M73: =SUM(C73,E73,G73,I73,K73) -> 31009090 | N73: =SUM(D73,F73,H73,J73,L73) -> 44904350
B74: Average | C74: =AVERAGE(C64:C73) -> 5284450.3 | D74: =AVERAGE(D64:D73) -> 6739683.3 | E74: =AVERAGE(E64:E73) -> 702275.36 | F74: =AVERAGE(F64:F73) -> 731139.72 | G74: =AVERAGE(G64:G73) -> 19768259 | H74: =AVERAGE(H64:H73) -> 23711550 | I74: =AVERAGE(I64:I73) -> 1352442 | J74: =AVERAGE(J64:J73) -> 1618474.6 | ... N74: =AVERAGE(N64:N73) -> 66779171

Sheet Subsistence
C1: =CombinedRAW!L5 -> Chinook | D1: =CombinedRAW!M5 -> Chinook | E1: =CombinedRAW!N5 -> Chum | F1: =CombinedRAW!O5 -> Chum | G1: =CombinedRAW!P5 -> Coho | H1: =CombinedRAW!Q5 -> Coho | I1: =CombinedRAW!R5 -> Pink | J1: =CombinedRAW!S5 -> Pink | ... L1: =CombinedRAW!U5 -> Sockeye | M1: Totals | P1: % by species | T1: % by Forest
A2: =CombinedRAW!J6 -> Forest | B2: =CombinedRAW!K6 -> Year | C2: Conservative | D2: Liberal | E2: Conservative | F2: Liberal | G2: Conservative | H2: Liberal | I2: Conservative | J2: Liberal | K2: Conservative | L2: Liberal | M2: Total Conservative | N2: Total Liberal | P2: Species | Q2: % Cons | R2: % Lib | U2: Conservative | V2: Liberal
A3: Chugach | B3: 2011 | C3: =CombinedRAW!L47 -> 0 | D3: =CombinedRAW!M47 -> 0 | E3: =CombinedRAW!N47 -> 28.539733 | F3: =CombinedRAW!O47 -> 35.674667 | G3: =CombinedRAW!P47 -> 913.65 | H3: =CombinedRAW!Q47 -> 1139 | I3: =CombinedRAW!R47 -> 12.6435 | J3: =CombinedRAW!S47 -> 14.048333 | ... L3: =CombinedRAW!U47 -> 3917.2713 | M3: =SUM(C3,E3,G3,I3,K3) -> 2793.5852 | N3: =SUM(D3,F3,H3,J3,L3) -> 5105.9943 | P3: Chinook | Q3: =(C37/M37)*100 -> 1.0246047 | R3: =(D37/N37)*100 -> 0.93182718 | T3: Chugach | U3: =M35/M37 -> 0.19681987 | V3: =N35/N37 -> 0.24761943
A4: Chugach | B4: 2012 | C4: =CombinedRAW!L48 -> 0 | D4: =CombinedRAW!M48 -> 0 | E4: =CombinedRAW!N48 -> 20.1256 | F4: =CombinedRAW!O48 -> 25.157 | G4: =CombinedRAW!P48 -> 485.95 | H4: =CombinedRAW!Q48 -> 523 | I4: =CombinedRAW!R48 -> 0 | J4: =CombinedRAW!S48 -> 0 | ... L4: =CombinedRAW!U48 -> 6665.1667 | M4: =SUM(C4,E4,G4,I4,K4) -> 3478.4889 | N4: =SUM(D4,F4,H4,J4,L4) -> 7213.3237 | P4: Chum | Q4: =E37/M37*100 -> 0.68765001 | R4: =F37/N37*100 -> 0.72984394 | T4: Tongass | U4: =M36/M37 -> 0.80318013 | V4: =N36/N37 -> 0.75238057
A5: Chugach | B5: 2013 | C5: =CombinedRAW!L49 -> 0 | D5: =CombinedRAW!M49 -> 0 | E5: =CombinedRAW!N49 -> 119.072 | F5: =CombinedRAW!O49 -> 148.84 | G5: =CombinedRAW!P49 -> 499.68 | H5: =CombinedRAW!Q49 -> 611 | I5: =CombinedRAW!R49 -> 0 | J5: =CombinedRAW!S49 -> 0 | ... L5: =CombinedRAW!U49 -> 7165.988 | M5: =SUM(C5,E5,G5,I5,K5) -> 3751.3383 | N5: =SUM(D5,F5,H5,J5,L5) -> 7925.828 | P5: Coho | Q5: =G37/M37*100 -> 7.6179174 | R5: =H37/N37*100 -> 5.7329764
A6: Chugach | B6: 2014 | C6: =CombinedRAW!L50 -> 0 | D6: =CombinedRAW!M50 -> 0 | E6: =CombinedRAW!N50 -> 0 | F6: =CombinedRAW!O50 -> 0 | G6: =CombinedRAW!P50 -> 673.27 | H6: =CombinedRAW!Q50 -> 715 | I6: =CombinedRAW!R50 -> 0.801 | J6: =CombinedRAW!S50 -> 0.89 | ... L6: =CombinedRAW!U50 -> 2880.193 | M6: =SUM(C6,E6,G6,I6,K6) -> 2033.3658 | N6: =SUM(D6,F6,H6,J6,L6) -> 3596.083 | P6: Pink | Q6: =I37/M37*100 -> 2.0906759 | R6: =J37/N37*100 -> 2.3876144
A7: Chugach | B7: 2015 | C7: =CombinedRAW!L51 -> 0 | D7: =CombinedRAW!M51 -> 0 | E7: =CombinedRAW!N51 -> 8.4392 | F7: =CombinedRAW!O51 -> 10.549 | G7: =CombinedRAW!P51 -> 1009.88 | H7: =CombinedRAW!Q51 -> 1081 | I7: =CombinedRAW!R51 -> 0 | J7: =CombinedRAW!S51 -> 0 | ... L7: =CombinedRAW!U51 -> 2778.466 | M7: =SUM(C7,E7,G7,I7,K7) -> 2341.9669 | N7: =SUM(D7,F7,H7,J7,L7) -> 3870.015 | P7: Sockeye | Q7: =K37/M37*100 -> 88.579152 | R7: =L37/N37*100 -> 90.217738 | U7: Liberal Value
A8: Chugach | B8: 2016 | C8: =CombinedRAW!L52 -> 0.17 | D8: =CombinedRAW!M52 -> 1 | E8: =CombinedRAW!N52 -> 0 | F8: =CombinedRAW!O52 -> 0 | G8: =CombinedRAW!P52 -> 557.27 | H8: =CombinedRAW!Q52 -> 558 | I8: =CombinedRAW!R52 -> 0 | J8: =CombinedRAW!S52 -> 0 | ... L8: =CombinedRAW!U52 -> 3289.3077 | M8: =SUM(C8,E8,G8,I8,K8) -> 2271.3503 | N8: =SUM(D8,F8,H8,J8,L8) -> 3848.3077 | T8: Chinook | U8: =D37 -> 2769.9283
A9: Chugach | B9: 2017 | C9: =CombinedRAW!L53 -> 0.34 | D9: =CombinedRAW!M53 -> 2 | E9: =CombinedRAW!N53 -> 2.684 | F9: =CombinedRAW!O53 -> 3.355 | G9: =CombinedRAW!P53 -> 585.88 | H9: =CombinedRAW!Q53 -> 624 | I9: =CombinedRAW!R53 -> 0.44 | J9: =CombinedRAW!S53 -> 11 | ... L9: =CombinedRAW!U53 -> 6760.368 | M9: =SUM(C9,E9,G9,I9,K9) -> 3810.0201 | N9: =SUM(D9,F9,H9,J9,L9) -> 7400.723 | T9: Chum | U9: =F37 -> 2169.5175
A10: Chugach | B10: 2018 | C10: =CombinedRAW!L54 -> 0 | D10: =CombinedRAW!M54 -> 0 | E10: =CombinedRAW!N54 -> 19.738667 | F10: =CombinedRAW!O54 -> 24.673333 | G10: =CombinedRAW!P54 -> 449.19 | H10: =CombinedRAW!Q54 -> 519 | I10: =CombinedRAW!R54 -> 6.1989 | J10: =CombinedRAW!S54 -> 12.621 | ... L10: =CombinedRAW!U54 -> 9106.3087 | M10: =SUM(C10,E10,G10,I10,K10) -> 4556.0204 | N10: =SUM(D10,F10,H10,J10,L10) -> 9662.603 | T10: Coho | U10: =H37 -> 17041.715
A11: Chugach | B11: 2019 | C11: =CombinedRAW!L55 -> 1.87 | D11: =CombinedRAW!M55 -> 11 | E11: =CombinedRAW!N55 -> 12.0192 | F11: =CombinedRAW!O55 -> 15.024 | G11: =CombinedRAW!P55 -> 805.30091 | H11: =CombinedRAW!Q55 -> 837.251 | I11: =CombinedRAW!R55 -> 1.9813 | J11: =CombinedRAW!S55 -> 3.157 | ... L11: =CombinedRAW!U55 -> 9847.7527 | M11: =SUM(C11,E11,G11,I11,K11) -> 5389.5017 | N11: =SUM(D11,F11,H11,J11,L11) -> 10714.185 | T11: Pink | U11: =J37 -> 7097.3681
A12: Chugach | B12: 2020 | C12: =CombinedRAW!L56 -> 0 | D12: =CombinedRAW!M56 -> 0 | E12: =CombinedRAW!N56 -> 15.8072 | F12: =CombinedRAW!O56 -> 19.759 | G12: =CombinedRAW!P56 -> 507.07732 | H12: =CombinedRAW!Q56 -> 586.2025 | I12: =CombinedRAW!R56 -> 22.1253 | J12: =CombinedRAW!S56 -> 24.583667 | ... L12: =CombinedRAW!U56 -> 13639.18 | M12: =SUM(C12,E12,G12,I12,K12) -> 6728.6706 | N12: =SUM(D12,F12,H12,J12,L12) -> 14269.725 | T12: Sockeye | U12: =L37 -> 268179.2
A13: Tongass | B13: 2011 | C13: =CombinedRAW!L57 -> 243.55415 | D13: =CombinedRAW!M57 -> 330.67324 | E13: =CombinedRAW!N57 -> 88.486956 | F13: =CombinedRAW!O57 -> 184.00479 | G13: =CombinedRAW!P57 -> 950.5347 | H13: =CombinedRAW!Q57 -> 1129.49 | I13: =CombinedRAW!R57 -> 424.33097 | J13: =CombinedRAW!S57 -> 780.54 | ... L13: =CombinedRAW!U57 -> 22467.5 | M13: =SUM(C13,E13,G13,I13,K13) -> 17653.676 | N13: =SUM(D13,F13,H13,J13,L13) -> 24892.208
A14: Tongass | B14: 2012 | C14: =CombinedRAW!L58 -> 187.96864 | D14: =CombinedRAW!M58 -> 259.49 | E14: =CombinedRAW!N58 -> 32.970392 | F14: =CombinedRAW!O58 -> 57.615199 | G14: =CombinedRAW!P58 -> 1101.2312 | H14: =CombinedRAW!Q58 -> 1329.6334 | I14: =CombinedRAW!R58 -> 595.13539 | J14: =CombinedRAW!S58 -> 827.81832 | ... L14: =CombinedRAW!U58 -> 25180.1 | M14: =SUM(C14,E14,G14,I14,K14) -> 19033.467 | N14: =SUM(D14,F14,H14,J14,L14) -> 27654.657
A15: Tongass | B15: 2013 | C15: =CombinedRAW!L59 -> 342.88267 | D15: =CombinedRAW!M59 -> 441.65 | E15: =CombinedRAW!N59 -> 4.8980267 | F15: =CombinedRAW!O59 -> 9.9655 | G15: =CombinedRAW!P59 -> 191.76192 | H15: =CombinedRAW!Q59 -> 380.71819 | I15: =CombinedRAW!R59 -> 70.164375 | J15: =CombinedRAW!S59 -> 605.37 | ... L15: =CombinedRAW!U59 -> 22911.2 | M15: =SUM(C15,E15,G15,I15,K15) -> 16974.108 | N15: =SUM(D15,F15,H15,J15,L15) -> 24348.904
A16: Tongass | B16: 2014 | C16: =CombinedRAW!L60 -> 281.82002 | D16: =CombinedRAW!M60 -> 399 | E16: =CombinedRAW!N60 -> 212.57723 | F16: =CombinedRAW!O60 -> 303 | G16: =CombinedRAW!P60 -> 322.29806 | H16: =CombinedRAW!Q60 -> 565.43 | I16: =CombinedRAW!R60 -> 606.33079 | J16: =CombinedRAW!S60 -> 786.5 | ... L16: =CombinedRAW!U60 -> 20240.9 | M16: =SUM(C16,E16,G16,I16,K16) -> 16738.491 | N16: =SUM(D16,F16,H16,J16,L16) -> 22294.83
A17: Tongass | B17: 2015 | C17: =CombinedRAW!L61 -> 109.90832 | D17: =CombinedRAW!M61 -> 159.51504 | E17: =CombinedRAW!N61 -> 84.892804 | F17: =CombinedRAW!O61 -> 192.5 | G17: =CombinedRAW!P61 -> 887.33836 | H17: =CombinedRAW!Q61 -> 1156.18 | I17: =CombinedRAW!R61 -> 448.97359 | J17: =CombinedRAW!S61 -> 735.85 | ... L17: =CombinedRAW!U61 -> 17177.996 | M17: =SUM(C17,E17,G17,I17,K17) -> 15023.616 | N17: =SUM(D17,F17,H17,J17,L17) -> 19422.041
A18: Tongass | B18: 2016 | C18: =CombinedRAW!L62 -> 177.80072 | D18: =CombinedRAW!M62 -> 235.33 | E18: =CombinedRAW!N62 -> 173.85845 | F18: =CombinedRAW!O62 -> 269.98 | G18: =CombinedRAW!P62 -> 1029.1288 | H18: =CombinedRAW!Q62 -> 1227.73 | I18: =CombinedRAW!R62 -> 768.24954 | J18: =CombinedRAW!S62 -> 967.41 | ... L18: =CombinedRAW!U62 -> 19572.7 | M18: =SUM(C18,E18,G18,I18,K18) -> 16047.116 | N18: =SUM(D18,F18,H18,J18,L18) -> 22273.15
A19: Tongass | B19: 2017 | C19: =CombinedRAW!L63 -> 200.43836 | D19: =CombinedRAW!M63 -> 257.5 | E19: =CombinedRAW!N63 -> 80.96876 | F19: =CombinedRAW!O63 -> 252.49 | G19: =CombinedRAW!P63 -> 579.61691 | H19: =CombinedRAW!Q63 -> 778.82 | I19: =CombinedRAW!R63 -> 257.34645 | J19: =CombinedRAW!S63 -> 577.65 | ... L19: =CombinedRAW!U63 -> 17135.1 | M19: =SUM(C19,E19,G19,I19,K19) -> 13130.782 | N19: =SUM(D19,F19,H19,J19,L19) -> 19001.56
A20: Tongass | B20: 2018 | C20: =CombinedRAW!L64 -> 115.2529 | D20: =CombinedRAW!M64 -> 208.15 | E20: =CombinedRAW!N64 -> 140.0256 | F20: =CombinedRAW!O64 -> 237.14 | G20: =CombinedRAW!P64 -> 1183.5061 | H20: =CombinedRAW!Q64 -> 1383.35 | I20: =CombinedRAW!R64 -> 307.22267 | J20: =CombinedRAW!S64 -> 504.49 | ... L20: =CombinedRAW!U64 -> 22250.1 | M20: =SUM(C20,E20,G20,I20,K20) -> 14120.839 | N20: =SUM(D20,F20,H20,J20,L20) -> 24583.23
A21: Tongass | B21: 2019 | C21: =CombinedRAW!L65 -> 151.22589 | D21: =CombinedRAW!M65 -> 221.5 | E21: =CombinedRAW!N65 -> 179.99528 | F21: =CombinedRAW!O65 -> 220.98 | G21: =CombinedRAW!P65 -> 830.83692 | H21: =CombinedRAW!Q65 -> 988.76 | I21: =CombinedRAW!R65 -> 438.51596 | J21: =CombinedRAW!S65 -> 769.17128 | ... L21: =CombinedRAW!U65 -> 22970.725 | M21: =SUM(C21,E21,G21,I21,K21) -> 14857.628 | N21: =SUM(D21,F21,H21,J21,L21) -> 25171.137
A22: Tongass | B22: 2020 | C22: =CombinedRAW!L66 -> 120.947 | D22: =CombinedRAW!M66 -> 243.12 | E22: =CombinedRAW!N66 -> 72.999564 | F22: =CombinedRAW!O66 -> 158.81 | G22: =CombinedRAW!P66 -> 817.1822 | H22: =CombinedRAW!Q66 -> 908.15 | I22: =CombinedRAW!R66 -> -13.824749 | J22: =CombinedRAW!S66 -> 476.2685 | ... L22: =CombinedRAW!U66 -> 12222.871 | M22: =SUM(C22,E22,G22,I22,K22) -> 8039.1281 | N22: =SUM(D22,F22,H22,J22,L22) -> 14009.22
A23: Regional Total | B23: 2011 | C23: =SUM(C3,C13) -> 243.55415 | D23: =SUM(D3,D13) -> 330.67324 | E23: =SUM(E3,E13) -> 117.02669 | F23: =SUM(F3,F13) -> 219.67945 | G23: =SUM(G3,G13) -> 1864.1847 | H23: =SUM(H3,H13) -> 2268.49 | I23: =SUM(I3,I13) -> 436.97447 | J23: =SUM(J3,J13) -> 794.58833 | ... L23: =SUM(L3,L13) -> 26384.771 | M23: =SUM(C23,E23,G23,I23,K23) -> 20447.261 | N23: =SUM(D23,F23,H23,J23,L23) -> 29998.202
A24: Regional Total | B24: 2012 | C24: =SUM(C4,C14) -> 187.96864 | D24: =SUM(D4,D14) -> 259.49 | E24: =SUM(E4,E14) -> 53.095992 | F24: =SUM(F4,F14) -> 82.772199 | G24: =SUM(G4,G14) -> 1587.1812 | H24: =SUM(H4,H14) -> 1852.6334 | I24: =SUM(I4,I14) -> 595.13539 | J24: =SUM(J4,J14) -> 827.81832 | ... L24: =SUM(L4,L14) -> 31845.267 | M24: =SUM(C24,E24,G24,I24,K24) -> 22511.956 | N24: =SUM(D24,F24,H24,J24,L24) -> 34867.981
A25: Regional Total | B25: 2013 | C25: =SUM(C5,C15) -> 342.88267 | D25: =SUM(D5,D15) -> 441.65 | E25: =SUM(E5,E15) -> 123.97003 | F25: =SUM(F5,F15) -> 158.8055 | G25: =SUM(G5,G15) -> 691.44192 | H25: =SUM(H5,H15) -> 991.71819 | I25: =SUM(I5,I15) -> 70.164375 | J25: =SUM(J5,J15) -> 605.37 | ... L25: =SUM(L5,L15) -> 30077.188 | M25: =SUM(C25,E25,G25,I25,K25) -> 20725.446 | N25: =SUM(D25,F25,H25,J25,L25) -> 32274.732
A26: Regional Total | B26: 2014 | C26: =SUM(C6,C16) -> 281.82002 | D26: =SUM(D6,D16) -> 399 | E26: =SUM(E6,E16) -> 212.57723 | F26: =SUM(F6,F16) -> 303 | G26: =SUM(G6,G16) -> 995.56806 | H26: =SUM(H6,H16) -> 1280.43 | I26: =SUM(I6,I16) -> 607.13179 | J26: =SUM(J6,J16) -> 787.39 | ... L26: =SUM(L6,L16) -> 23121.093 | M26: =SUM(C26,E26,G26,I26,K26) -> 18771.856 | N26: =SUM(D26,F26,H26,J26,L26) -> 25890.913
A27: Regional Total | B27: 2015 | C27: =SUM(C7,C17) -> 109.90832 | D27: =SUM(D7,D17) -> 159.51504 | E27: =SUM(E7,E17) -> 93.332004 | F27: =SUM(F7,F17) -> 203.049 | G27: =SUM(G7,G17) -> 1897.2184 | H27: =SUM(H7,H17) -> 2237.18 | I27: =SUM(I7,I17) -> 448.97359 | J27: =SUM(J7,J17) -> 735.85 | ... L27: =SUM(L7,L17) -> 19956.462 | M27: =SUM(C27,E27,G27,I27,K27) -> 17365.583 | N27: =SUM(D27,F27,H27,J27,L27) -> 23292.056
A28: Regional Total | B28: 2016 | C28: =SUM(C8,C18) -> 177.97072 | D28: =SUM(D8,D18) -> 236.33 | E28: =SUM(E8,E18) -> 173.85845 | F28: =SUM(F8,F18) -> 269.98 | G28: =SUM(G8,G18) -> 1586.3988 | H28: =SUM(H8,H18) -> 1785.73 | I28: =SUM(I8,I18) -> 768.24954 | J28: =SUM(J8,J18) -> 967.41 | ... L28: =SUM(L8,L18) -> 22862.008 | M28: =SUM(C28,E28,G28,I28,K28) -> 18318.466 | N28: =SUM(D28,F28,H28,J28,L28) -> 26121.458
A29: Regional Total | B29: 2017 | C29: =SUM(C9,C19) -> 200.77836 | D29: =SUM(D9,D19) -> 259.5 | E29: =SUM(E9,E19) -> 83.65276 | F29: =SUM(F9,F19) -> 255.845 | G29: =SUM(G9,G19) -> 1165.4969 | H29: =SUM(H9,H19) -> 1402.82 | I29: =SUM(I9,I19) -> 257.78645 | J29: =SUM(J9,J19) -> 588.65 | ... L29: =SUM(L9,L19) -> 23895.468 | M29: =SUM(C29,E29,G29,I29,K29) -> 16940.802 | N29: =SUM(D29,F29,H29,J29,L29) -> 26402.283
A30: Regional Total | B30: 2018 | C30: =SUM(C10,C20) -> 115.2529 | D30: =SUM(D10,D20) -> 208.15 | E30: =SUM(E10,E20) -> 159.76427 | F30: =SUM(F10,F20) -> 261.81333 | G30: =SUM(G10,G20) -> 1632.6961 | H30: =SUM(H10,H20) -> 1902.35 | I30: =SUM(I10,I20) -> 313.42157 | J30: =SUM(J10,J20) -> 517.111 | ... L30: =SUM(L10,L20) -> 31356.409 | M30: =SUM(C30,E30,G30,I30,K30) -> 18676.859 | N30: =SUM(D30,F30,H30,J30,L30) -> 34245.833
A31: Regional Total | B31: 2019 | C31: =SUM(C11,C21) -> 153.09589 | D31: =SUM(D11,D21) -> 232.5 | E31: =SUM(E11,E21) -> 192.01448 | F31: =SUM(F11,F21) -> 236.004 | G31: =SUM(G11,G21) -> 1636.1378 | H31: =SUM(H11,H21) -> 1826.011 | I31: =SUM(I11,I21) -> 440.49726 | J31: =SUM(J11,J21) -> 772.32828 | ... L31: =SUM(L11,L21) -> 32818.478 | M31: =SUM(C31,E31,G31,I31,K31) -> 20247.13 | N31: =SUM(D31,F31,H31,J31,L31) -> 35885.321
A32: Regional Total | B32: 2020 | C32: =SUM(C12,C22) -> 120.947 | D32: =SUM(D12,D22) -> 243.12 | E32: =SUM(E12,E22) -> 88.806764 | F32: =SUM(F12,F22) -> 178.569 | G32: =SUM(G12,G22) -> 1324.2595 | H32: =SUM(H12,H22) -> 1494.3525 | I32: =SUM(I12,I22) -> 8.3005511 | J32: =SUM(J12,J22) -> 500.85216 | ... L32: =SUM(L12,L22) -> 25862.051 | M32: =SUM(C32,E32,G32,I32,K32) -> 14767.799 | N32: =SUM(D32,F32,H32,J32,L32) -> 28278.945
A35: Chugach Total | B35: Total | C35: =SUM(C3:C12) -> 2.38 | D35: =SUM(D3:D12) -> 14 | E35: =SUM(E3:E12) -> 226.4256 | F35: =SUM(F3:F12) -> 283.032 | G35: =SUM(G3:G12) -> 6487.1482 | H35: =SUM(H3:H12) -> 7193.4535 | I35: =SUM(I3:I12) -> 44.19 | J35: =SUM(J3:J12) -> 66.3 | ... N35: =SUM(N3:N12) -> 73606.788
A36: Tongass Total | B36: Total | C36: =SUM(C13:C22) -> 1931.7987 | D36: =SUM(D13:D22) -> 2755.9283 | E36: =SUM(E13:E22) -> 1071.6731 | F36: =SUM(F13:F22) -> 1886.4855 | G36: =SUM(G13:G22) -> 7893.4351 | H36: =SUM(H13:H22) -> 9848.2617 | I36: =SUM(I13:I22) -> 3902.445 | J36: =SUM(J13:J22) -> 7031.0681 | ... N36: =SUM(N13:N22) -> 223650.94
A37: Regional Total | B37: Total | C37: =SUM(C23:C32) -> 1934.1787 | D37: =SUM(D23:D32) -> 2769.9283 | E37: =SUM(E23:E32) -> 1298.0987 | F37: =SUM(F23:F32) -> 2169.5175 | G37: =SUM(G23:G32) -> 14380.583 | H37: =SUM(H23:H32) -> 17041.715 | I37: =SUM(I23:I32) -> 3946.635 | J37: =SUM(J23:J32) -> 7097.3681 | ... N37: =SUM(N23:N32) -> 297257.72

Sheet Personal Use
C1: =CombinedRAW!L5 -> Chinook | D1: =CombinedRAW!M5 -> Chinook | E1: =CombinedRAW!N5 -> Chum | F1: =CombinedRAW!O5 -> Chum | G1: =CombinedRAW!P5 -> Coho | H1: =CombinedRAW!Q5 -> Coho | I1: =CombinedRAW!R5 -> Pink | J1: =CombinedRAW!S5 -> Pink | ... L1: =CombinedRAW!U5 -> Sockeye | M1: Totals | P1: % by species | T1: % by Forest
A2: =CombinedRAW!J6 -> Forest | B2: =CombinedRAW!K6 -> Year | C2: Conservative | D2: Liberal | E2: Conservative | F2: Liberal | G2: Conservative | H2: Liberal | I2: Conservative | J2: Liberal | K2: Conservative | L2: Liberal | M2: Total Conservative | N2: Total Liberal | P2: Species | Q2: % Cons | R2: % Lib | U2: Conservative | V2: Liberal
A3: Chugach | B3: 2011 | C3: =CombinedRAW!L7 -> 211.31 | D3: =CombinedRAW!M7 -> 1243 | E3: =CombinedRAW!N7 -> 0 | F3: =CombinedRAW!O7 -> 0 | G3: =CombinedRAW!P7 -> 1043.9 | H3: =CombinedRAW!Q7 -> 4745 | I3: =CombinedRAW!R7 -> 156.56 | J3: =CombinedRAW!S7 -> 3914 | ... L3: =CombinedRAW!U7 -> 537765 | M3: =SUM(C3,E3,G3,I3,K3) -> 275671.92 | N3: =SUM(D3,F3,H3,J3,L3) -> 547667 | P3: Chinook | Q3: =(C37/M37)*100 -> 0.0377345 | R3: =(D37/N37)*100 -> 0.098084063 | T3: Chugach | U3: =M35/M37 -> 0.98648988 | V3: =N35/N37 -> 0.9902666
A4: Chugach | B4: 2012 | C4: =CombinedRAW!L8 -> 6.8 | D4: =CombinedRAW!M8 -> 40 | E4: =CombinedRAW!N8 -> 0 | F4: =CombinedRAW!O8 -> 0 | G4: =CombinedRAW!P8 -> 881.76 | H4: =CombinedRAW!Q8 -> 4008 | I4: =CombinedRAW!R8 -> 150.8 | J4: =CombinedRAW!S8 -> 3770 | ... L4: =CombinedRAW!U8 -> 526992 | M4: =SUM(C4,E4,G4,I4,K4) -> 269805.28 | N4: =SUM(D4,F4,H4,J4,L4) -> 534810 | P4: Chum | Q4: =E37/M37*100 -> 0.14735949 | R4: =F37/N37*100 -> 0.087634445 | T4: Tongass | U4: =M36/M37 -> 0.013510118 | V4: =N36/N37 -> 0.009733396
A5: Chugach | B5: 2013 | C5: =CombinedRAW!L9 -> 1.87 | D5: =CombinedRAW!M9 -> 11 | E5: =CombinedRAW!N9 -> 0 | F5: =CombinedRAW!O9 -> 0 | G5: =CombinedRAW!P9 -> 697.18 | H5: =CombinedRAW!Q9 -> 3169 | I5: =CombinedRAW!R9 -> 145 | J5: =CombinedRAW!S9 -> 3625 | ... L5: =CombinedRAW!U9 -> 347222 | M5: =SUM(C5,E5,G5,I5,K5) -> 177927.27 | N5: =SUM(D5,F5,H5,J5,L5) -> 354027 | P5: Coho | Q5: =G37/M37*100 -> 0.40703848 | R5: =H37/N37*100 -> 0.81746775
A6: Chugach | B6: 2014 | C6: =CombinedRAW!L10 -> 0 | D6: =CombinedRAW!M10 -> 0 | E6: =CombinedRAW!N10 -> 0 | F6: =CombinedRAW!O10 -> 0 | G6: =CombinedRAW!P10 -> 1036.2 | H6: =CombinedRAW!Q10 -> 4710 | I6: =CombinedRAW!R10 -> 765.6 | J6: =CombinedRAW!S10 -> 19140 | ... L6: =CombinedRAW!U10 -> 379823 | M6: =SUM(C6,E6,G6,I6,K6) -> 195511.53 | N6: =SUM(D6,F6,H6,J6,L6) -> 403673 | P6: Pink | Q6: =I37/M37*100 -> 0.40414792 | R6: =J37/N37*100 -> 2.3429452
A7: Chugach | B7: 2015 | C7: =CombinedRAW!L11 -> 11.22 | D7: =CombinedRAW!M11 -> 66 | E7: =CombinedRAW!N11 -> 0 | F7: =CombinedRAW!O11 -> 0 | G7: =CombinedRAW!P11 -> 913 | H7: =CombinedRAW!Q11 -> 4150 | I7: =CombinedRAW!R11 -> 165.88 | J7: =CombinedRAW!S11 -> 4147 | ... L7: =CombinedRAW!U11 -> 377532 | M7: =SUM(C7,E7,G7,I7,K7) -> 193631.42 | N7: =SUM(D7,F7,H7,J7,L7) -> 385895 | P7: Sockeye | Q7: =K37/M37*100 -> 99.00372 | R7: =L37/N37*100 -> 96.653869
A8: Chugach | B8: 2016 | C8: =CombinedRAW!L12 -> 108.46 | D8: =CombinedRAW!M12 -> 638 | E8: =CombinedRAW!N12 -> 0 | F8: =CombinedRAW!O12 -> 0 | G8: =CombinedRAW!P12 -> 720.94 | H8: =CombinedRAW!Q12 -> 3277 | I8: =CombinedRAW!R12 -> 313.36 | J8: =CombinedRAW!S12 -> 7834 | ... L8: =CombinedRAW!U12 -> 259057 | M8: =SUM(C8,E8,G8,I8,K8) -> 133261.83 | N8: =SUM(D8,F8,H8,J8,L8) -> 270806
A9: Chugach | B9: 2017 | C9: =CombinedRAW!L13 -> 202.98 | D9: =CombinedRAW!M13 -> 1194 | E9: =CombinedRAW!N13 -> 0 | F9: =CombinedRAW!O13 -> 0 | G9: =CombinedRAW!P13 -> 161.04 | H9: =CombinedRAW!Q13 -> 732 | I9: =CombinedRAW!R13 -> 318.48 | J9: =CombinedRAW!S13 -> 7962 | ... L9: =CombinedRAW!U13 -> 297049 | M9: =SUM(C9,E9,G9,I9,K9) -> 152177.49 | N9: =SUM(D9,F9,H9,J9,L9) -> 306937
A10: Chugach | B10: 2018 | C10: =CombinedRAW!L14 -> 1.19 | D10: =CombinedRAW!M14 -> 7 | E10: =CombinedRAW!N14 -> 0 | F10: =CombinedRAW!O14 -> 0 | G10: =CombinedRAW!P14 -> 116.38 | H10: =CombinedRAW!Q14 -> 529 | I10: =CombinedRAW!R14 -> 417.4 | J10: =CombinedRAW!S14 -> 10435 | ... L10: =CombinedRAW!U14 -> 165028 | M10: =SUM(C10,E10,G10,I10,K10) -> 84699.25 | N10: =SUM(D10,F10,H10,J10,L10) -> 175999
A11: Chugach | B11: 2019 | C11: =CombinedRAW!L15 -> 5.1 | D11: =CombinedRAW!M15 -> 30 | E11: =CombinedRAW!N15 -> 0 | F11: =CombinedRAW!O15 -> 0 | G11: =CombinedRAW!P15 -> 214.94 | H11: =CombinedRAW!Q15 -> 977 | I11: =CombinedRAW!R15 -> 185.24 | J11: =CombinedRAW!S15 -> 4631 | ... L11: =CombinedRAW!U15 -> 331408 | M11: =SUM(C11,E11,G11,I11,K11) -> 169423.36 | N11: =SUM(D11,F11,H11,J11,L11) -> 337046
A12: Chugach | B12: 2020 | C12: =CombinedRAW!L16 -> 3.91 | D12: =CombinedRAW!M16 -> 23 | E12: =CombinedRAW!N16 -> 0 | F12: =CombinedRAW!O16 -> 0 | G12: =CombinedRAW!P16 -> 225.06 | H12: =CombinedRAW!Q16 -> 1023 | I12: =CombinedRAW!R16 -> 544.88 | J12: =CombinedRAW!S16 -> 13622 | ... L12: =CombinedRAW!U16 -> 257864 | M12: =SUM(C12,E12,G12,I12,K12) -> 132284.49 | N12: =SUM(D12,F12,H12,J12,L12) -> 272532
A13: Tongass | B13: 2011 | C13: =CombinedRAW!L17 -> 2.026963 | D13: =CombinedRAW!M17 -> 3.9259259 | E13: =CombinedRAW!N17 -> 263.87037 | F13: =CombinedRAW!O17 -> 278 | G13: =CombinedRAW!P17 -> 70.12536 | H13: =CombinedRAW!Q17 -> 127.55187 | I13: =CombinedRAW!R17 -> 786.85252 | J13: =CombinedRAW!S17 -> 1252 | ... L13: =CombinedRAW!U17 -> 2790 | M13: =SUM(C13,E13,G13,I13,K13) -> 3197.729 | N13: =SUM(D13,F13,H13,J13,L13) -> 4451.4778
A14: Tongass | B14: 2012 | C14: =CombinedRAW!L18 -> 1.6213476 | D14: =CombinedRAW!M18 -> 3 | E14: =CombinedRAW!N18 -> 295.62069 | F14: =CombinedRAW!O18 -> 310 | G14: =CombinedRAW!P18 -> 63.59906 | H14: =CombinedRAW!Q18 -> 116.19886 | I14: =CombinedRAW!R18 -> 404.53163 | J14: =CombinedRAW!S18 -> 518 | ... L14: =CombinedRAW!U18 -> 3028 | M14: =SUM(C14,E14,G14,I14,K14) -> 2844.305 | N14: =SUM(D14,F14,H14,J14,L14) -> 3975.1989
A15: Tongass | B15: 2013 | C15: =CombinedRAW!L19 -> 18.245132 | D15: =CombinedRAW!M19 -> 29 | E15: =CombinedRAW!N19 -> 344.47795 | F15: =CombinedRAW!O19 -> 370 | G15: =CombinedRAW!P19 -> 181.58129 | H15: =CombinedRAW!Q19 -> 309 | I15: =CombinedRAW!R19 -> 525.97909 | J15: =CombinedRAW!S19 -> 622 | ... L15: =CombinedRAW!U19 -> 2736 | M15: =SUM(C15,E15,G15,I15,K15) -> 2875.3925 | N15: =SUM(D15,F15,H15,J15,L15) -> 4066
A16: Tongass | B16: 2014 | C16: =CombinedRAW!L20 -> 16.124649 | D16: =CombinedRAW!M20 -> 27 | E16: =CombinedRAW!N20 -> 196.46413 | F16: =CombinedRAW!O20 -> 209 | G16: =CombinedRAW!P20 -> 102.30097 | H16: =CombinedRAW!Q20 -> 197.25452 | I16: =CombinedRAW!R20 -> 301.88911 | J16: =CombinedRAW!S20 -> 387 | ... L16: =CombinedRAW!U20 -> 3057.0954 | M16: =SUM(C16,E16,G16,I16,K16) -> 2800.3486 | N16: =SUM(D16,F16,H16,J16,L16) -> 3877.3499
A17: Tongass | B17: 2015 | C17: =CombinedRAW!L21 -> 25.216384 | D17: =CombinedRAW!M21 -> 41 | E17: =CombinedRAW!N21 -> 278.892 | F17: =CombinedRAW!O21 -> 286 | G17: =CombinedRAW!P21 -> 151.35648 | H17: =CombinedRAW!Q21 -> 285 | I17: =CombinedRAW!R21 -> 527.11595 | J17: =CombinedRAW!S21 -> 778 | ... L17: =CombinedRAW!U21 -> 2854 | M17: =SUM(C17,E17,G17,I17,K17) -> 3107.6837 | N17: =SUM(D17,F17,H17,J17,L17) -> 4244
A18: Tongass | B18: 2016 | C18: =CombinedRAW!L22 -> 27.544771 | D18: =CombinedRAW!M22 -> 57 | E18: =CombinedRAW!N22 -> 414.86846 | F18: =CombinedRAW!O22 -> 433 | G18: =CombinedRAW!P22 -> 105.35495 | H18: =CombinedRAW!Q22 -> 193 | I18: =CombinedRAW!R22 -> 622.79437 | J18: =CombinedRAW!S22 -> 906 | ... L18: =CombinedRAW!U22 -> 2404 | M18: =SUM(C18,E18,G18,I18,K18) -> 2768.4316 | N18: =SUM(D18,F18,H18,J18,L18) -> 3993
A19: Tongass | B19: 2017 | C19: =CombinedRAW!L23 -> 1.1112924 | D19: =CombinedRAW!M23 -> 2 | E19: =CombinedRAW!N23 -> 169.16432 | F19: =CombinedRAW!O23 -> 185 | G19: =CombinedRAW!P23 -> 4.8184447 | H19: =CombinedRAW!Q23 -> 9.5 | I19: =CombinedRAW!R23 -> 230.54416 | J19: =CombinedRAW!S23 -> 395 | ... L19: =CombinedRAW!U23 -> 1778 | M19: =SUM(C19,E19,G19,I19,K19) -> 1571.2523 | N19: =SUM(D19,F19,H19,J19,L19) -> 2369.5
... A22: Tongass | B22: 2020 | C22: =CombinedRAW!L26 -> 12.467712 | D22: =CombinedRAW!M26 -> 27.3 | E22: =CombinedRAW!N26 -> 4.3970705 | F22: =CombinedRAW!O26 -> 4.8315 | G22: =CombinedRAW!P26 -> 202.28059 | H22: =CombinedRAW!Q26 -> 325.97184 | I22: =CombinedRAW!R26 -> 415.6745 | J22: =CombinedRAW!S26 -> 486.60251 | ... L22: =CombinedRAW!U26 -> 1519.6953 | M22: =SUM(C22,E22,G22,I22,K22) -> 1586.1782 | N22: =SUM(D22,F22,H22,J22,L22) -> 2364.4012
A23: Regional Total | B23: 2011 | C23: =SUM(C3,C13) -> 213.33696 | D23: =SUM(D3,D13) -> 1246.9259 | E23: =SUM(E3,E13) -> 263.87037 | F23: =SUM(F3,F13) -> 278 | G23: =SUM(G3,G13) -> 1114.0254 | H23: =SUM(H3,H13) -> 4872.5519 | I23: =SUM(I3,I13) -> 943.41252 | J23: =SUM(J3,J13) -> 5166 | ... L23: =SUM(L3,L13) -> 540555 | M23: =SUM(C23,E23,G23,I23,K23) -> 278869.65 | N23: =SUM(D23,F23,H23,J23,L23) -> 552118.48
A24: Regional Total | B24: 2012 | C24: =SUM(C4,C14) -> 8.4213476 | D24: =SUM(D4,D14) -> 43 | E24: =SUM(E4,E14) -> 295.62069 | F24: =SUM(F4,F14) -> 310 | G24: =SUM(G4,G14) -> 945.35906 | H24: =SUM(H4,H14) -> 4124.1989 | I24: =SUM(I4,I14) -> 555.33163 | J24: =SUM(J4,J14) -> 4288 | ... L24: =SUM(L4,L14) -> 530020 | M24: =SUM(C24,E24,G24,I24,K24) -> 272649.59 | N24: =SUM(D24,F24,H24,J24,L24) -> 538785.2
A25: Regional Total | B25: 2013 | C25: =SUM(C5,C15) -> 20.115132 | D25: =SUM(D5,D15) -> 40 | E25: =SUM(E5,E15) -> 344.47795 | F25: =SUM(F5,F15) -> 370 | G25: =SUM(G5,G15) -> 878.76129 | H25: =SUM(H5,H15) -> 3478 | I25: =SUM(I5,I15) -> 670.97909 | J25: =SUM(J5,J15) -> 4247 | ... L25: =SUM(L5,L15) -> 349958 | M25: =SUM(C25,E25,G25,I25,K25) -> 180802.66 | N25: =SUM(D25,F25,H25,J25,L25) -> 358093
A26: Regional Total | B26: 2014 | C26: =SUM(C6,C16) -> 16.124649 | D26: =SUM(D6,D16) -> 27 | E26: =SUM(E6,E16) -> 196.46413 | F26: =SUM(F6,F16) -> 209 | G26: =SUM(G6,G16) -> 1138.501 | H26: =SUM(H6,H16) -> 4907.2545 | I26: =SUM(I6,I16) -> 1067.4891 | J26: =SUM(J6,J16) -> 19527 | ... L26: =SUM(L6,L16) -> 382880.1 | M26: =SUM(C26,E26,G26,I26,K26) -> 198311.88 | N26: =SUM(D26,F26,H26,J26,L26) -> 407550.35
A27: Regional Total | B27: 2015 | C27: =SUM(C7,C17) -> 36.436384 | D27: =SUM(D7,D17) -> 107 | E27: =SUM(E7,E17) -> 278.892 | F27: =SUM(F7,F17) -> 286 | G27: =SUM(G7,G17) -> 1064.3565 | H27: =SUM(H7,H17) -> 4435 | I27: =SUM(I7,I17) -> 692.99595 | J27: =SUM(J7,J17) -> 4925 | ... L27: =SUM(L7,L17) -> 380386 | M27: =SUM(C27,E27,G27,I27,K27) -> 196739.1 | N27: =SUM(D27,F27,H27,J27,L27) -> 390139
A28: Regional Total | B28: 2016 | C28: =SUM(C8,C18) -> 136.00477 | D28: =SUM(D8,D18) -> 695 | E28: =SUM(E8,E18) -> 414.86846 | F28: =SUM(F8,F18) -> 433 | G28: =SUM(G8,G18) -> 826.29495 | H28: =SUM(H8,H18) -> 3470 | I28: =SUM(I8,I18) -> 936.15437 | J28: =SUM(J8,J18) -> 8740 | ... L28: =SUM(L8,L18) -> 261461 | M28: =SUM(C28,E28,G28,I28,K28) -> 136030.26 | N28: =SUM(D28,F28,H28,J28,L28) -> 274799
A29: Regional Total | B29: 2017 | C29: =SUM(C9,C19) -> 204.09129 | D29: =SUM(D9,D19) -> 1196 | E29: =SUM(E9,E19) -> 169.16432 | F29: =SUM(F9,F19) -> 185 | G29: =SUM(G9,G19) -> 165.85844 | H29: =SUM(H9,H19) -> 741.5 | I29: =SUM(I9,I19) -> 549.02416 | J29: =SUM(J9,J19) -> 8357 | ... L29: =SUM(L9,L19) -> 298827 | M29: =SUM(C29,E29,G29,I29,K29) -> 153748.74 | N29: =SUM(D29,F29,H29,J29,L29) -> 309306.5
A30: Regional Total | B30: 2018 | C30: =SUM(C10,C20) -> 9.2261992 | D30: =SUM(D10,D20) -> 31 | E30: =SUM(E10,E20) -> 576.89734 | F30: =SUM(F10,F20) -> 951 | G30: =SUM(G10,G20) -> 287.73597 | H30: =SUM(H10,H20) -> 832 | I30: =SUM(I10,I20) -> 605.1406 | J30: =SUM(J10,J20) -> 10705 | ... L30: =SUM(L10,L20) -> 166166 | M30: =SUM(C30,E30,G30,I30,K30) -> 86349.201 | N30: =SUM(D30,F30,H30,J30,L30) -> 178685
A31: Regional Total | B31: 2019 | C31: =SUM(C11,C21) -> 22.419016 | D31: =SUM(D11,D21) -> 119 | E31: =SUM(E11,E21) -> 120.83231 | F31: =SUM(F11,F21) -> 149.63 | G31: =SUM(G11,G21) -> 514.40664 | H31: =SUM(H11,H21) -> 1421.0507 | I31: =SUM(I11,I21) -> 329.2725 | J31: =SUM(J11,J21) -> 4860.4836 | ... L31: =SUM(L11,L21) -> 333749.28 | M31: =SUM(C31,E31,G31,I31,K31) -> 171459.61 | N31: =SUM(D31,F31,H31,J31,L31) -> 340299.44
A32: Regional Total | B32: 2020 | C32: =SUM(C12,C22) -> 16.377712 | D32: =SUM(D12,D22) -> 50.3 | E32: =SUM(E12,E22) -> 4.3970705 | F32: =SUM(F12,F22) -> 4.8315 | G32: =SUM(G12,G22) -> 427.34059 | H32: =SUM(H12,H22) -> 1348.9718 | I32: =SUM(I12,I22) -> 960.5545 | J32: =SUM(J12,J22) -> 14108.603 | ... L32: =SUM(L12,L22) -> 259383.7 | M32: =SUM(C32,E32,G32,I32,K32) -> 133870.67 | N32: =SUM(D32,F32,H32,J32,L32) -> 274896.4
A35: Chugach Total | B35: Total | C35: =SUM(C3:C12) -> 552.84 | D35: =SUM(D3:D12) -> 3252 | E35: =SUM(E3:E12) -> 0 | F35: =SUM(F3:F12) -> 0 | G35: =SUM(G3:G12) -> 6010.4 | H35: =SUM(H3:H12) -> 27320 | I35: =SUM(I3:I12) -> 3163.2 | J35: =SUM(J3:J12) -> 79080 | ... N35: =SUM(N3:N12) -> 3589392
A36: Tongass Total | B36: Total | C36: =SUM(C13:C22) -> 129.71347 | D36: =SUM(D13:D22) -> 303.22593 | E36: =SUM(E13:E22) -> 2665.4847 | F36: =SUM(F13:F22) -> 3176.4615 | G36: =SUM(G13:G22) -> 1352.2397 | H36: =SUM(H13:H22) -> 2310.5277 | I36: =SUM(I13:I22) -> 4147.1544 | J36: =SUM(J13:J22) -> 5844.0861 | ... N36: =SUM(N13:N22) -> 35280.372
A37: Regional Total | B37: Total | C37: =SUM(C23:C32) -> 682.55347 | D37: =SUM(D23:D32) -> 3555.2259 | E37: =SUM(E23:E32) -> 2665.4847 | F37: =SUM(F23:F32) -> 3176.4615 | G37: =SUM(G23:G32) -> 7362.6397 | H37: =SUM(H23:H32) -> 29630.528 | I37: =SUM(I23:I32) -> 7310.3544 | J37: =SUM(J23:J32) -> 84924.086 | ... N37: =SUM(N23:N32) -> 3624672.4

Sheet Personal Use + Subsistence
D1: =CombinedRAW!L5 -> Chinook | E1: =CombinedRAW!M5 -> Chinook | F1: =CombinedRAW!N5 -> Chum | G1: =CombinedRAW!O5 -> Chum | H1: =CombinedRAW!P5 -> Coho | I1: =CombinedRAW!Q5 -> Coho | J1: =CombinedRAW!R5 -> Pink | K1: =CombinedRAW!S5 -> Pink | ... M1: =CombinedRAW!U5 -> Sockeye | N1: Totals | Q1: % by species | U1: % by Forest
A2: Fishery | B2: =CombinedRAW!J6 -> Forest | C2: =CombinedRAW!K6 -> Year | D2: Conservative | E2: Liberal | F2: Conservative | G2: Liberal | H2: Conservative | I2: Liberal | J2: Conservative | K2: Liberal | L2: Conservative | M2: Liberal | N2: Total Conservative | O2: Total Liberal | Q2: Species | R2: % Cons | S2: % Lib | V2: Conservative | W2: Liberal
A3: Subsistence | B3: Chugach | C3: 2011 | D3: =Subsistence!C3 -> 0 | E3: =Subsistence!D3 -> 0 | F3: =Subsistence!E3 -> 28.539733 | G3: =Subsistence!F3 -> 35.674667 | H3: =Subsistence!G3 -> 913.65 | I3: =Subsistence!H3 -> 1139 | J3: =Subsistence!I3 -> 12.6435 | K3: =Subsistence!J3 -> 14.048333 | ... O3: =Subsistence!N3 -> 5105.9943 | Q3: Chinook | R3: =(D48/N48)*100 -> 0.1309935 | S3: =(E48/O48)*100 -> 0.16127657 | U3: Chugach | V3: =N46/N48 -> 0.91186625 | W3: =O46/O48 -> 0.9339786
A4: Subsistence | B4: Chugach | C4: 2012 | D4: =Subsistence!C4 -> 0 | E4: =Subsistence!D4 -> 0 | F4: =Subsistence!E4 -> 20.1256 | G4: =Subsistence!F4 -> 25.157 | H4: =Subsistence!G4 -> 485.95 | I4: =Subsistence!H4 -> 523 | J4: =Subsistence!I4 -> 0 | K4: =Subsistence!J4 -> 0 | ... O4: =Subsistence!N4 -> 7213.3237 | Q4: Chum | R4: =F48/N48*100 -> 0.19841682 | S4: =G48/O48*100 -> 0.1363099 | U4: Tongass | V4: =N47/N48 -> 0.088133749 | W4: =O47/O48 -> 0.066021398
A5: Subsistence | B5: Chugach | C5: 2013 | D5: =Subsistence!C5 -> 0 | E5: =Subsistence!D5 -> 0 | F5: =Subsistence!E5 -> 119.072 | G5: =Subsistence!F5 -> 148.84 | H5: =Subsistence!G5 -> 499.68 | I5: =Subsistence!H5 -> 611 | J5: =Subsistence!I5 -> 0 | K5: =Subsistence!J5 -> 0 | ... O5: =Subsistence!N5 -> 7925.828 | Q5: Coho | R5: =H48/N48*100 -> 1.0884649 | S5: =I48/O48*100 -> 1.1900325
A6: Subsistence | B6: Chugach | C6: 2014 | D6: =Subsistence!C6 -> 0 | E6: =Subsistence!D6 -> 0 | F6: =Subsistence!E6 -> 0 | G6: =Subsistence!F6 -> 0 | H6: =Subsistence!G6 -> 673.27 | I6: =Subsistence!H6 -> 715 | J6: =Subsistence!I6 -> 0.801 | K6: =Subsistence!J6 -> 0.89 | ... O6: =Subsistence!N6 -> 3596.083 | Q6: Pink | R6: =J48/N48*100 -> 0.56352442 | S6: =K48/O48*100 -> 2.3463308
A7: Subsistence | B7: Chugach | C7: 2015 | D7: =Subsistence!C7 -> 0 | E7: =Subsistence!D7 -> 0 | F7: =Subsistence!E7 -> 8.4392 | G7: =Subsistence!F7 -> 10.549 | H7: =Subsistence!G7 -> 1009.88 | I7: =Subsistence!H7 -> 1081 | J7: =Subsistence!I7 -> 0 | K7: =Subsistence!J7 -> 0 | ... O7: =Subsistence!N7 -> 3870.015 | Q7: Sockeye | R7: =L48/N48*100 -> 98.0186 | S7: =M48/O48*100 -> 96.16605
A8: Subsistence | B8: Chugach | C8: 2016 | D8: =Subsistence!C8 -> 0.17 | E8: =Subsistence!D8 -> 1 | F8: =Subsistence!E8 -> 0 | G8: =Subsistence!F8 -> 0 | H8: =Subsistence!G8 -> 557.27 | I8: =Subsistence!H8 -> 558 | J8: =Subsistence!I8 -> 0 | K8: =Subsistence!J8 -> 0 | ... O8: =Subsistence!N8 -> 3848.3077
A9: Subsistence | B9: Chugach | C9: 2017 | D9: =Subsistence!C9 -> 0.34 | E9: =Subsistence!D9 -> 2 | F9: =Subsistence!E9 -> 2.684 | G9: =Subsistence!F9 -> 3.355 | H9: =Subsistence!G9 -> 585.88 | I9: =Subsistence!H9 -> 624 | J9: =Subsistence!I9 -> 0.44 | K9: =Subsistence!J9 -> 11 | ... O9: =Subsistence!N9 -> 7400.723
A10: Subsistence | B10: Chugach | C10: 2018 | D10: =Subsistence!C10 -> 0 | E10: =Subsistence!D10 -> 0 | F10: =Subsistence!E10 -> 19.738667 | G10: =Subsistence!F10 -> 24.673333 | H10: =Subsistence!G10 -> 449.19 | I10: =Subsistence!H10 -> 519 | J10: =Subsistence!I10 -> 6.1989 | K10: =Subsistence!J10 -> 12.621 | ... O10: =Subsistence!N10 -> 9662.603 | Q10: % from Foreest
A11: Subsistence | B11: Chugach | C11: 2019 | D11: =Subsistence!C11 -> 1.87 | E11: =Subsistence!D11 -> 11 | F11: =Subsistence!E11 -> 12.0192 | G11: =Subsistence!F11 -> 15.024 | H11: =Subsistence!G11 -> 805.30091 | I11: =Subsistence!H11 -> 837.251 | J11: =Subsistence!I11 -> 1.9813 | K11: =Subsistence!J11 -> 3.157 | ... O11: =Subsistence!N11 -> 10714.185 | R11: Total Harvest | S11: Forest Harvest | T11: % From Forest | U11: Notes
A12: Subsistence | B12: Chugach | C12: 2020 | D12: =Subsistence!C12 -> 0 | E12: =Subsistence!D12 -> 0 | F12: =Subsistence!E12 -> 15.8072 | G12: =Subsistence!F12 -> 19.759 | H12: =Subsistence!G12 -> 507.07732 | I12: =Subsistence!H12 -> 586.2025 | J12: =Subsistence!I12 -> 22.1253 | K12: =Subsistence!J12 -> 24.583667 | ... O12: =Subsistence!N12 -> 14269.725 | Q12: Chugach | R12: 182155 | S12: =O46/10 -> 366299.88 | T12: =S12/R12*100 -> 201.09241 | U12: total harvest from Haught spreadsheet
A13: Subsistence | B13: Tongass | C13: 2011 | D13: =Subsistence!C13 -> 243.55415 | E13: =Subsistence!D13 -> 330.67324 | F13: =Subsistence!E13 -> 88.486956 | G13: =Subsistence!F13 -> 184.00479 | H13: =Subsistence!G13 -> 950.5347 | I13: =Subsistence!H13 -> 1129.49 | J13: =Subsistence!I13 -> 424.33097 | K13: =Subsistence!J13 -> 780.54 | ... O13: =Subsistence!N13 -> 24892.208 | Q13: Tongass | S13: =SUM(K21:K30)/10 -> 6207.244 | T13: =S13/R13*100 -> #DIV/0!
A14: Subsistence | B14: Tongass | C14: 2012 | D14: =Subsistence!C14 -> 187.96864 | E14: =Subsistence!D14 -> 259.49 | F14: =Subsistence!E14 -> 32.970392 | G14: =Subsistence!F14 -> 57.615199 | H14: =Subsistence!G14 -> 1101.2312 | I14: =Subsistence!H14 -> 1329.6334 | J14: =Subsistence!I14 -> 595.13539 | K14: =Subsistence!J14 -> 827.81832 | ... O14: =Subsistence!N14 -> 27654.657 | Q14: Total | R14: =SUM(R12:R13) -> 182155 | S14: =SUM(S12:S13) -> 372507.12 | T14: =S14/R14*100 -> 204.50008
A15: Subsistence | B15: Tongass | C15: 2013 | D15: =Subsistence!C15 -> 342.88267 | E15: =Subsistence!D15 -> 441.65 | F15: =Subsistence!E15 -> 4.8980267 | G15: =Subsistence!F15 -> 9.9655 | H15: =Subsistence!G15 -> 191.76192 | I15: =Subsistence!H15 -> 380.71819 | J15: =Subsistence!I15 -> 70.164375 | K15: =Subsistence!J15 -> 605.37 | ... O15: =Subsistence!N15 -> 24348.904
A16: Subsistence | B16: Tongass | C16: 2014 | D16: =Subsistence!C16 -> 281.82002 | E16: =Subsistence!D16 -> 399 | F16: =Subsistence!E16 -> 212.57723 | G16: =Subsistence!F16 -> 303 | H16: =Subsistence!G16 -> 322.29806 | I16: =Subsistence!H16 -> 565.43 | J16: =Subsistence!I16 -> 606.33079 | K16: =Subsistence!J16 -> 786.5 | ... O16: =Subsistence!N16 -> 22294.83
A17: Subsistence | B17: Tongass | C17: 2015 | D17: =Subsistence!C17 -> 109.90832 | E17: =Subsistence!D17 -> 159.51504 | F17: =Subsistence!E17 -> 84.892804 | G17: =Subsistence!F17 -> 192.5 | H17: =Subsistence!G17 -> 887.33836 | I17: =Subsistence!H17 -> 1156.18 | J17: =Subsistence!I17 -> 448.97359 | K17: =Subsistence!J17 -> 735.85 | ... O17: =Subsistence!N17 -> 19422.041
A18: Subsistence | B18: Tongass | C18: 2016 | D18: =Subsistence!C18 -> 177.80072 | E18: =Subsistence!D18 -> 235.33 | F18: =Subsistence!E18 -> 173.85845 | G18: =Subsistence!F18 -> 269.98 | H18: =Subsistence!G18 -> 1029.1288 | I18: =Subsistence!H18 -> 1227.73 | J18: =Subsistence!I18 -> 768.24954 | K18: =Subsistence!J18 -> 967.41 | ... O18: =Subsistence!N18 -> 22273.15
A19: Subsistence | B19: Tongass | C19: 2017 | D19: =Subsistence!C19 -> 200.43836 | E19: =Subsistence!D19 -> 257.5 | F19: =Subsistence!E19 -> 80.96876 | G19: =Subsistence!F19 -> 252.49 | H19: =Subsistence!G19 -> 579.61691 | I19: =Subsistence!H19 -> 778.82 | J19: =Subsistence!I19 -> 257.34645 | K19: =Subsistence!J19 -> 577.65 | ... O19: =Subsistence!N19 -> 19001.56
A20: Subsistence | B20: Tongass | C20: 2018 | D20: =Subsistence!C20 -> 115.2529 | E20: =Subsistence!D20 -> 208.15 | F20: =Subsistence!E20 -> 140.0256 | G20: =Subsistence!F20 -> 237.14 | H20: =Subsistence!G20 -> 1183.5061 | I20: =Subsistence!H20 -> 1383.35 | J20: =Subsistence!I20 -> 307.22267 | K20: =Subsistence!J20 -> 504.49 | ... O20: =Subsistence!N20 -> 24583.23
A21: Subsistence | B21: Tongass | C21: 2019 | D21: =Subsistence!C21 -> 151.22589 | E21: =Subsistence!D21 -> 221.5 | F21: =Subsistence!E21 -> 179.99528 | G21: =Subsistence!F21 -> 220.98 | H21: =Subsistence!G21 -> 830.83692 | I21: =Subsistence!H21 -> 988.76 | J21: =Subsistence!I21 -> 438.51596 | K21: =Subsistence!J21 -> 769.17128 | ... O21: =Subsistence!N21 -> 25171.137
A22: Subsistence | B22: Tongass | C22: 2020 | D22: =Subsistence!C22 -> 120.947 | E22: =Subsistence!D22 -> 243.12 | F22: =Subsistence!E22 -> 72.999564 | G22: =Subsistence!F22 -> 158.81 | H22: =Subsistence!G22 -> 817.1822 | I22: =Subsistence!H22 -> 908.15 | J22: =Subsistence!I22 -> -13.824749 | K22: =Subsistence!J22 -> 476.2685 | ... O22: =Subsistence!N22 -> 14009.22
A23: Personal Use | B23: Chugach | C23: 2011 | D23: ='Personal Use'!C3 -> 211.31 | E23: ='Personal Use'!D3 -> 1243 | F23: ='Personal Use'!E3 -> 0 | G23: ='Personal Use'!F3 -> 0 | H23: ='Personal Use'!G3 -> 1043.9 | I23: ='Personal Use'!H3 -> 4745 | J23: ='Personal Use'!I3 -> 156.56 | K23: ='Personal Use'!J3 -> 3914 | ... O23: ='Personal Use'!N3 -> 547667
A24: Personal Use | B24: Chugach | C24: 2012 | D24: ='Personal Use'!C4 -> 6.8 | E24: ='Personal Use'!D4 -> 40 | F24: ='Personal Use'!E4 -> 0 | G24: ='Personal Use'!F4 -> 0 | H24: ='Personal Use'!G4 -> 881.76 | I24: ='Personal Use'!H4 -> 4008 | J24: ='Personal Use'!I4 -> 150.8 | K24: ='Personal Use'!J4 -> 3770 | ... O24: ='Personal Use'!N4 -> 534810
A25: Personal Use | B25: Chugach | C25: 2013 | D25: ='Personal Use'!C5 -> 1.87 | E25: ='Personal Use'!D5 -> 11 | F25: ='Personal Use'!E5 -> 0 | G25: ='Personal Use'!F5 -> 0 | H25: ='Personal Use'!G5 -> 697.18 | I25: ='Personal Use'!H5 -> 3169 | J25: ='Personal Use'!I5 -> 145 | K25: ='Personal Use'!J5 -> 3625 | ... O25: ='Personal Use'!N5 -> 354027
A26: Personal Use | B26: Chugach | C26: 2014 | D26: ='Personal Use'!C6 -> 0 | E26: ='Personal Use'!D6 -> 0 | F26: ='Personal Use'!E6 -> 0 | G26: ='Personal Use'!F6 -> 0 | H26: ='Personal Use'!G6 -> 1036.2 | I26: ='Personal Use'!H6 -> 4710 | J26: ='Personal Use'!I6 -> 765.6 | K26: ='Personal Use'!J6 -> 19140 | ... O26: ='Personal Use'!N6 -> 403673
A27: Personal Use | B27: Chugach | C27: 2015 | D27: ='Personal Use'!C7 -> 11.22 | E27: ='Personal Use'!D7 -> 66 | F27: ='Personal Use'!E7 -> 0 | G27: ='Personal Use'!F7 -> 0 | H27: ='Personal Use'!G7 -> 913 | I27: ='Personal Use'!H7 -> 4150 | J27: ='Personal Use'!I7 -> 165.88 | K27: ='Personal Use'!J7 -> 4147 | ... O27: ='Personal Use'!N7 -> 385895
A28: Personal Use | B28: Chugach | C28: 2016 | D28: ='Personal Use'!C8 -> 108.46 | E28: ='Personal Use'!D8 -> 638 | F28: ='Personal Use'!E8 -> 0 | G28: ='Personal Use'!F8 -> 0 | H28: ='Personal Use'!G8 -> 720.94 | I28: ='Personal Use'!H8 -> 3277 | J28: ='Personal Use'!I8 -> 313.36 | K28: ='Personal Use'!J8 -> 7834 | ... O28: ='Personal Use'!N8 -> 270806
A29: Personal Use | B29: Chugach | C29: 2017 | D29: ='Personal Use'!C9 -> 202.98 | E29: ='Personal Use'!D9 -> 1194 | F29: ='Personal Use'!E9 -> 0 | G29: ='Personal Use'!F9 -> 0 | H29: ='Personal Use'!G9 -> 161.04 | I29: ='Personal Use'!H9 -> 732 | J29: ='Personal Use'!I9 -> 318.48 | K29: ='Personal Use'!J9 -> 7962 | ... O29: ='Personal Use'!N9 -> 306937
A30: Personal Use | B30: Chugach | C30: 2018 | D30: ='Personal Use'!C10 -> 1.19 | E30: ='Personal Use'!D10 -> 7 | F30: ='Personal Use'!E10 -> 0 | G30: ='Personal Use'!F10 -> 0 | H30: ='Personal Use'!G10 -> 116.38 | I30: ='Personal Use'!H10 -> 529 | J30: ='Personal Use'!I10 -> 417.4 | K30: ='Personal Use'!J10 -> 10435 | ... O30: ='Personal Use'!N10 -> 175999
A31: Personal Use | B31: Chugach | C31: 2019 | D31: ='Personal Use'!C11 -> 5.1 | E31: ='Personal Use'!D11 -> 30 | F31: ='Personal Use'!E11 -> 0 | G31: ='Personal Use'!F11 -> 0 | H31: ='Personal Use'!G11 -> 214.94 | I31: ='Personal Use'!H11 -> 977 | J31: ='Personal Use'!I11 -> 185.24 | K31: ='Personal Use'!J11 -> 4631 | ... O31: ='Personal Use'!N11 -> 337046
A32: Personal Use | B32: Chugach | C32: 2020 | D32: ='Personal Use'!C12 -> 3.91 | E32: ='Personal Use'!D12 -> 23 | F32: ='Personal Use'!E12 -> 0 | G32: ='Personal Use'!F12 -> 0 | H32: ='Personal Use'!G12 -> 225.06 | I32: ='Personal Use'!H12 -> 1023 | J32: ='Personal Use'!I12 -> 544.88 | K32: ='Personal Use'!J12 -> 13622 | ... O32: ='Personal Use'!N12 -> 272532
A33: Personal Use | B33: Tongass | C33: 2011 | D33: ='Personal Use'!C13 -> 2.026963 | E33: ='Personal Use'!D13 -> 3.9259259 | F33: ='Personal Use'!E13 -> 263.87037 | G33: ='Personal Use'!F13 -> 278 | H33: ='Personal Use'!G13 -> 70.12536 | I33: ='Personal Use'!H13 -> 127.55187 | J33: ='Personal Use'!I13 -> 786.85252 | K33: ='Personal Use'!J13 -> 1252 | ... O33: ='Personal Use'!N13 -> 4451.4778
A34: Personal Use | B34: Tongass | C34: 2012 | D34: ='Personal Use'!C14 -> 1.6213476 | E34: ='Personal Use'!D14 -> 3 | F34: ='Personal Use'!E14 -> 295.62069 | G34: ='Personal Use'!F14 -> 310 | H34: ='Personal Use'!G14 -> 63.59906 | I34: ='Personal Use'!H14 -> 116.19886 | J34: ='Personal Use'!I14 -> 404.53163 | K34: ='Personal Use'!J14 -> 518 | ... O34: ='Personal Use'!N14 -> 3975.1989
... A42: Personal Use | B42: Tongass | C42: 2020 | D42: ='Personal Use'!C22 -> 12.467712 | E42: ='Personal Use'!D22 -> 27.3 | F42: ='Personal Use'!E22 -> 4.3970705 | G42: ='Personal Use'!F22 -> 4.8315 | H42: ='Personal Use'!G22 -> 202.28059 | I42: ='Personal Use'!H22 -> 325.97184 | J42: ='Personal Use'!I22 -> 415.6745 | K42: ='Personal Use'!J22 -> 486.60251 | ... O42: ='Personal Use'!N22 -> 2364.4012
C46: Chugach Total | D46: =SUM(D3:D12,D23:D32) -> 555.22 | E46: =SUM(E3:E12,E23:E32) -> 3266 | F46: =SUM(F3:F12,F23:F32) -> 226.4256 | G46: =SUM(G3:G12,G23:G32) -> 283.032 | H46: =SUM(H3:H12,H23:H32) -> 12497.548 | I46: =SUM(I3:I12,I23:I32) -> 34513.454 | J46: =SUM(J3:J12,J23:J32) -> 3207.39 | K46: =SUM(K3:K12,K23:K32) -> 79146.3 | ... O46: =SUM(O3:O12,O23:O32) -> 3662998.8
C47: Tongass Total | D47: =SUM(D13:D22,D33:D42) -> 2061.5121 | E47: =SUM(E13:E22,E33:E42) -> 3059.1542 | F47: =SUM(F13:F22,F33:F42) -> 3737.1577 | G47: =SUM(G13:G22,G33:G42) -> 5062.947 | H47: =SUM(H13:H22,H33:H42) -> 9245.6749 | I47: =SUM(I13:I22,I33:I42) -> 12158.789 | J47: =SUM(J13:J22,J33:J42) -> 8049.5994 | K47: =SUM(K13:K22,K33:K42) -> 12875.154 | ... O47: =SUM(O13:O22,O33:O42) -> 258931.31
C48: Regional Total | D48: =SUM(D46:D47) -> 2616.7321 | E48: =SUM(E46:E47) -> 6325.1542 | F48: =SUM(F46:F47) -> 3963.5833 | G48: =SUM(G46:G47) -> 5345.979 | H48: =SUM(H46:H47) -> 21743.223 | I48: =SUM(I46:I47) -> 46672.243 | J48: =SUM(J46:J47) -> 11256.989 | K48: =SUM(K46:K47) -> 92021.454 | ... O48: =SUM(O46:O47) -> 3921930.1
C49: Chugach Average | D49: =D46/10 -> 55.522 | E49: =E46/10 -> 326.6 | F49: =F46/10 -> 22.64256 | G49: =G46/10 -> 28.3032 | H49: =H46/10 -> 1249.7548 | I49: =I46/10 -> 3451.3454 | J49: =J46/10 -> 320.739 | K49: =K46/10 -> 7914.63 | ... O49: =O46/10 -> 366299.88
C50: Tongass Average | D50: =D47/10 -> 206.15121 | E50: =E47/10 -> 305.91542 | F50: =F47/10 -> 373.71577 | G50: =G47/10 -> 506.2947 | H50: =H47/10 -> 924.56749 | I50: =I47/10 -> 1215.8789 | J50: =J47/10 -> 804.95994 | K50: =K47/10 -> 1287.5154 | ... O50: =O47/10 -> 25893.131
C51: Regional Average | D51: =D48/10 -> 261.67321 | E51: =E48/10 -> 632.51542 | F51: =F48/10 -> 396.35833 | G51: =G48/10 -> 534.5979 | H51: =H48/10 -> 2174.3223 | I51: =I48/10 -> 4667.2243 | J51: =J48/10 -> 1125.6989 | K51: =K48/10 -> 9202.1454 | ... O51: =O48/10 -> 392193.01
C52: Chugach fish mass (lbs) | D52: 17.838924 | E52: 17.838924 | F52: 7.248263 | G52: 7.248263 | H52: 7.5127699 | I52: 7.5127699 | J52: 3.5039594 | K52: 3.5039594 | L52: 5.6698982 | M52: 5.6698982
C53: Tongass fish mass (lbs) | D53: 13.877959 | E53: 13.877959 | F53: 8.2144153 | G53: 8.2144153 | H53: 6.9667653 | I53: 6.9667653 | J53: 3.6388193 | K53: 3.6388193 | L53: 5.7277995 | M53: 5.7277995
C54: Recovery rate | D54: 0.55 | E54: 0.55 | F54: 0.6 | G54: 0.6 | H54: 0.57 | I54: 0.57 | J54: 0.52 | K54: 0.52 | L54: 0.53 | M54: 0.53
C55: Chugach Total Lbs | D55: =D49*D52*D54 -> 544.74901 | E55: =E49*E52*E54 -> 3204.406 | F55: =F49*F52*F54 -> 98.471539 | G55: =G49*G52*G54 -> 123.08942 | H55: =H49*H52*H54 -> 5351.7987 | I55: =I49*I52*I54 -> 14779.623 | J55: =J49*J52*J54 -> 584.40535 | K55: =K49*K52*K54 -> 14420.922 | ... M55: =M49*M52*M54 -> 1065526.2 | N55: =SUM(D55,F55,H55,J55,L55) -> 549008.73 | O55: =SUM(E55,G55,I55,K55,M55) -> 1098054.3
C56: Tongass Total Lbs | D56: =D50*D53*D54 -> 1573.5269 | E56: =E50*E53*E54 -> 2335.0148 | F56: =F50*F53*F54 -> 1841.9139 | G56: =G50*G53*G54 -> 2495.3489 | H56: =H50*H53*H54 -> 3671.5095 | I56: =I50*I53*I54 -> 4828.3236 | J56: =J50*J53*J54 -> 1523.1339 | K56: =K50*K53*K54 -> 2436.2187 | ... M56: =M50*M53*M54 -> 68539.358 | N56: =SUM(D56,F56,H56,J56,L56) -> 55045.406 | O56: =SUM(E56,G56,I56,K56,M56) -> 80634.264
C57: Regional Total Lbs | D57: =D55+D56 -> 2118.2759 | E57: =E55+E56 -> 5539.4208 | F57: =F55+F56 -> 1940.3855 | G57: =G55+G56 -> 2618.4384 | H57: =H55+H56 -> 9023.3081 | I57: =I55+I56 -> 19607.947 | J57: =J55+J56 -> 2107.5393 | K57: =K55+K56 -> 16857.141 | ... M57: =M55+M56 -> 1134065.6 | N57: =SUM(D57,F57,H57,J57,L57) -> 604054.14 | O57: =SUM(E57,G57,I57,K57,M57) -> 1178688.5
C58: # of 6 OZ servings | D58: =D57/(6/16) -> 5648.7358 | E58: =E57/(6/16) -> 14771.789 | F58: =F57/(6/16) -> 5174.3612 | G58: =G57/(6/16) -> 6982.5023 | H58: =H57/(6/16) -> 24062.155 | I58: =I57/(6/16) -> 52287.858 | J58: =J57/(6/16) -> 5620.1048 | K58: =K57/(6/16) -> 44952.375 | ... M58: =M57/(6/16) -> 3024174.9 | N58: =SUM(D58,F58,H58,J58,L58) -> 1610811 | O58: =SUM(E58,G58,I58,K58,M58) -> 3143169.4
C59: Resale Price | D59: ='Resale Values'!E21 -> 40.491667 | E59: =D59 -> 40.491667 | F59: ='Resale Values'!E22 -> 19.991111 | G59: =F59 -> 19.991111 | H59: ='Resale Values'!E23 -> 21.956667 | I59: =H59 -> 21.956667 | J59: ='Resale Values'!E24 -> 10.491667 | K59: =J59 -> 10.491667 | L59: ='Resale Values'!E25 -> 27.583333 | M59: =L59 -> 27.583333
C60: Replacement cost | D60: =D59*D57 -> 85772.522 | E60: =E59*E57 -> 224300.38 | F60: =F59*F57 -> 38790.461 | G60: =G59*G57 -> 52345.492 | H60: =H59*H57 -> 198121.77 | I60: =I59*I57 -> 430525.15 | J60: =J59*J57 -> 22111.6 | K60: =K59*K57 -> 176859.5 | ... M60: =M59*M57 -> 31281309 | N60: =SUM(D60,F60,H60,J60,L60) -> 16587646 | O60: =SUM(E60,G60,I60,K60,M60) -> 32165339
B62: No of 6-oz serving | D62: Chinook | E62: Chinook | F62: Chum | G62: Chum | H62: Coho | I62: Coho | J62: Pink | K62: Pink | L62: Sockeye | M62: Sockeye | N62: Totals
D63: Conservative | E63: Liberal | F63: Conservative | G63: Liberal | H63: Conservative | I63: Liberal | J63: Conservative | K63: Liberal | L63: Conservative | M63: Liberal | N63: Total Conservative | O63: Total Liberal
C64: 2011 | D64: =((((D3+D23)*D$52)+((D13+D33)*D$53))*D$54)/(6/16) -> 10527.305 | E64: =((((E3+E23)*E$52)+((E13+E33)*E$53))*E$54)/(6/16) -> 39332.093 | F64: =((((F3+F23)*F$52)+((F13+F33)*F$53))*F$54)/(6/16) -> 4962.0367 | G64: =((((G3+G23)*G$52)+((G13+G33)*G$53))*G$54)/(6/16) -> 6485.8856 | H64: =((((H3+H23)*H$52)+((H13+H33)*H$53))*H$54)/(6/16) -> 33162.329 | I64: =((((I3+I23)*I$52)+((I13+I33)*I$53))*I$54)/(6/16) -> 80503.234 | J64: =((((J3+J23)*J$52)+((J13+J33)*J$53))*J$54)/(6/16) -> 6933.5552 | K64: =((((K3+K23)*K$52)+((K13+K33)*K$53))*K$54)/(6/16) -> 29341.545 | ... M64: =((((M3+M23)*M$52)+((M13+M33)*M$53))*M$54)/(6/16) -> 4545213.9 | N64: =SUM(D64,F64,H64,J64,L64) -> 2413981.9 | O64: =SUM(E64,G64,I64,K64,M64) -> 4700876.6
C65: 2012 | D65: =((((D4+D24)*D$52)+((D14+D34)*D$53))*D$54)/(6/16) -> 4036.8925 | E65: =((((E4+E24)*E$52)+((E14+E34)*E$53))*E$54)/(6/16) -> 6389.3607 | F65: =((((F4+F24)*F$52)+((F14+F34)*F$53))*F$54)/(6/16) -> 4552.0948 | G65: =((((G4+G24)*G$52)+((G14+G34)*G$53))*G$54)/(6/16) -> 5123.3415 | H65: =((((H4+H24)*H$52)+((H14+H34)*H$53))*H$54)/(6/16) -> 27953.392 | I65: =((((I4+I24)*I$52)+((I14+I34)*I$53))*I$54)/(6/16) -> 67051.965 | J65: =((((J4+J24)*J$52)+((J14+J34)*J$53))*J$54)/(6/16) -> 5776.8598 | K65: =((((K4+K24)*K$52)+((K14+K34)*K$53))*K$54)/(6/16) -> 25108.535 | ... M65: =((((M4+M24)*M$52)+((M14+M34)*M$53))*M$54)/(6/16) -> 4504791 | N65: =SUM(D65,F65,H65,J65,L65) -> 2375272.3 | O65: =SUM(E65,G65,I65,K65,M65) -> 4608464.2
C66: 2013 | D66: =((((D5+D25)*D$52)+((D15+D35)*D$53))*D$54)/(6/16) -> 7399.4441 | E66: =((((E5+E25)*E$52)+((E15+E35)*E$53))*E$54)/(6/16) -> 9867.5711 | F66: =((((F5+F25)*F$52)+((F15+F35)*F$53))*F$54)/(6/16) -> 5972.7753 | G66: =((((G5+G25)*G$52)+((G15+G35)*G$53))*G$54)/(6/16) -> 6720.0414 | H66: =((((H5+H25)*H$52)+((H15+H35)*H$53))*H$54)/(6/16) -> 17620.947 | I66: =((((I5+I25)*I$52)+((I15+I35)*I$53))*I$54)/(6/16) -> 50469.13 | J66: =((((J5+J25)*J$52)+((J15+J35)*J$53))*J$54)/(6/16) -> 3712.5677 | K66: =((((K5+K25)*K$52)+((K15+K35)*K$53))*K$54)/(6/16) -> 23806.336 | ... M66: =((((M5+M25)*M$52)+((M15+M35)*M$53))*M$54)/(6/16) -> 3047494.1 | N66: =SUM(D66,F66,H66,J66,L66) -> 1625944.6 | O66: =SUM(E66,G66,I66,K66,M66) -> 3138357.2
C67: 2014 | D67: =((((D6+D26)*D$52)+((D16+D36)*D$53))*D$54)/(6/16) -> 6064.4669 | E67: =((((E6+E26)*E$52)+((E16+E36)*E$53))*E$54)/(6/16) -> 8670.9485 | F67: =((((F6+F26)*F$52)+((F16+F36)*F$53))*F$54)/(6/16) -> 5376.057 | G67: =((((G6+G26)*G$52)+((G16+G36)*G$53))*G$54)/(6/16) -> 6729.249 | H67: =((((H6+H26)*H$52)+((H16+H36)*H$53))*H$54)/(6/16) -> 24017.424 | I67: =((((I6+I26)*I$52)+((I16+I36)*I$53))*I$54)/(6/16) -> 70026.736 | J67: =((((J6+J26)*J$52)+((J16+J36)*J$53))*J$54)/(6/16) -> 8306.5301 | K67: =((((K6+K26)*K$52)+((K16+K36)*K$53))*K$54)/(6/16) -> 98923.492 | ... M67: =((((M6+M26)*M$52)+((M16+M36)*M$53))*M$54)/(6/16) -> 3255379.2 | N67: =SUM(D67,F67,H67,J67,L67) -> 1748601.3 | O67: =SUM(E67,G67,I67,K67,M67) -> 3439729.7
C68: 2015 | D68: =((((D7+D27)*D$52)+((D17+D37)*D$53))*D$54)/(6/16) -> 3043.9314 | E68: =((((E7+E27)*E$52)+((E17+E37)*E$53))*E$54)/(6/16) -> 5808.159 | F68: =((((F7+F27)*F$52)+((F17+F37)*F$53))*F$54)/(6/16) -> 4879.1184 | G68: =((((G7+G27)*G$52)+((G17+G37)*G$53))*G$54)/(6/16) -> 6411.2954 | H68: =((((H7+H27)*H$52)+((H17+H37)*H$53))*H$54)/(6/16) -> 32957.397 | I68: =((((I7+I27)*I$52)+((I17+I37)*I$53))*I$54)/(6/16) -> 74996.287 | J68: =((((J7+J27)*J$52)+((J17+J37)*J$53))*J$54)/(6/16) -> 5731.163 | K68: =((((K7+K27)*K$52)+((K17+K37)*K$53))*K$54)/(6/16) -> 27788.171 | ... M68: =((((M7+M27)*M$52)+((M17+M37)*M$53))*M$54)/(6/16) -> 3209766 | N68: =SUM(D68,F68,H68,J68,L68) -> 1726569.1 | O68: =SUM(E68,G68,I68,K68,M68) -> 3324769.9
C69: 2016 | D69: =((((D8+D28)*D$52)+((D18+D38)*D$53))*D$54)/(6/16) -> 7021.8406 | E69: =((((E8+E28)*E$52)+((E18+E38)*E$53))*E$54)/(6/16) -> 22668.824 | F69: =((((F8+F28)*F$52)+((F18+F38)*F$53))*F$54)/(6/16) -> 7737.6757 | G69: =((((G8+G28)*G$52)+((G18+G38)*G$53))*G$54)/(6/16) -> 9239.3114 | H69: =((((H8+H28)*H$52)+((H18+H38)*H$53))*H$54)/(6/16) -> 26610.001 | I69: =((((I8+I28)*I$52)+((I18+I38)*I$53))*I$54)/(6/16) -> 58838.235 | J69: =((((J8+J28)*J$52)+((J18+J38)*J$53))*J$54)/(6/16) -> 8541.5312 | K69: =((((K8+K28)*K$52)+((K18+K38)*K$53))*K$54)/(6/16) -> 47516.933 | ... M69: =((((M8+M28)*M$52)+((M18+M38)*M$53))*M$54)/(6/16) -> 2280208.4 | N69: =SUM(D69,F69,H69,J69,L69) -> 1247819.9 | O69: =SUM(E69,G69,I69,K69,M69) -> 2418471.7
C70: 2017 | D70: =((((D9+D29)*D$52)+((D19+D39)*D$53))*D$54)/(6/16) -> 9422.0247 | E70: =((((E9+E29)*E$52)+((E19+E39)*E$53))*E$54)/(6/16) -> 36573.803 | F70: =((((F9+F29)*F$52)+((F19+F39)*F$53))*F$54)/(6/16) -> 3318.6421 | G70: =((((G9+G29)*G$52)+((G19+G39)*G$53))*G$54)/(6/16) -> 5788.8679 | H70: =((((H9+H29)*H$52)+((H19+H39)*H$53))*H$54)/(6/16) -> 14718.254 | I70: =((((I9+I29)*I$52)+((I19+I39)*I$53))*I$54)/(6/16) -> 23832.622 | J70: =((((J9+J29)*J$52)+((J19+J39)*J$53))*J$54)/(6/16) -> 4011.3889 | K70: =((((K9+K29)*K$52)+((K19+K39)*K$53))*K$54)/(6/16) -> 43647.228 | ... M70: =((((M9+M29)*M$52)+((M19+M39)*M$53))*M$54)/(6/16) -> 2587670 | N70: =SUM(D70,F70,H70,J70,L70) -> 1377957.4 | O70: =SUM(E70,G70,I70,K70,M70) -> 2697512.6
C71: 2018 | D71: =((((D10+D30)*D$52)+((D20+D40)*D$53))*D$54)/(6/16) -> 2540.6031 | E71: =((((E10+E30)*E$52)+((E20+E40)*E$53))*E$54)/(6/16) -> 4908.4061 | F71: =((((F10+F30)*F$52)+((F20+F40)*F$53))*F$54)/(6/16) -> 9651.4781 | G71: =((((G10+G30)*G$52)+((G20+G40)*G$53))*G$54)/(6/16) -> 15901.943 | H71: =((((H10+H30)*H$52)+((H20+H40)*H$53))*H$54)/(6/16) -> 20805.765 | I71: =((((I10+I30)*I$52)+((I20+I40)*I$53))*I$54)/(6/16) -> 29825.117 | J71: =((((J10+J30)*J$52)+((J20+J40)*J$53))*J$54)/(6/16) -> 4555.6926 | K71: =((((K10+K30)*K$52)+((K20+K40)*K$53))*K$54)/(6/16) -> 54671.094 | ... M71: =((((M10+M30)*M$52)+((M20+M40)*M$53))*M$54)/(6/16) -> 1584751.1 | N71: =SUM(D71,F71,H71,J71,L71) -> 850594.84 | O71: =SUM(E71,G71,I71,K71,M71) -> 1690057.6
C72: 2019 | D72: =((((D11+D31)*D$52)+((D21+D41)*D$53))*D$54)/(6/16) -> 3612.9816 | E72: =((((E11+E31)*E$52)+((E21+E41)*E$53))*E$54)/(6/16) -> 7392.7363 | F72: =((((F11+F31)*F$52)+((F21+F41)*F$53))*F$54)/(6/16) -> 4093.1856 | G72: =((((G11+G31)*G$52)+((G21+G41)*G$53))*G$54)/(6/16) -> 5045.1878 | H72: =((((H11+H31)*H$52)+((H21+H41)*H$53))*H$54)/(6/16) -> 23619.88 | I72: =((((I11+I31)*I$52)+((I21+I41)*I$53))*I$54)/(6/16) -> 35890.401 | J72: =((((J11+J31)*J$52)+((J21+J41)*J$53))*J$54)/(6/16) -> 3849.1154 | K72: =((((K11+K31)*K$52)+((K21+K41)*K$53))*K$54)/(6/16) -> 27555.594 | ... M72: =((((M11+M31)*M$52)+((M21+M41)*M$53))*M$54)/(6/16) -> 2939546 | N72: =SUM(D72,F72,H72,J72,L72) -> 1545297.4 | O72: =SUM(E72,G72,I72,K72,M72) -> 3015429.9
C73: 2020 | D73: =((((D12+D32)*D$52)+((D22+D42)*D$53))*D$54)/(6/16) -> 2817.8685 | E73: =((((E12+E32)*E$52)+((E22+E42)*E$53))*E$54)/(6/16) -> 6105.9868 | F73: =((((F12+F32)*F$52)+((F22+F42)*F$53))*F$54)/(6/16) -> 1200.5485 | G73: =((((G12+G32)*G$52)+((G22+G42)*G$53))*G$54)/(6/16) -> 2379.9003 | H73: =((((H12+H32)*H$52)+((H22+H42)*H$53))*H$54)/(6/16) -> 19156.161 | I73: =((((I12+I32)*I$52)+((I22+I42)*I$53))*I$54)/(6/16) -> 31444.856 | J73: =((((J12+J32)*J$52)+((J22+J42)*J$53))*J$54)/(6/16) -> 4782.6441 | K73: =((((K12+K32)*K$52)+((K22+K42)*K$53))*K$54)/(6/16) -> 71164.828 | ... M73: =((((M12+M32)*M$52)+((M22+M42)*M$53))*M$54)/(6/16) -> 2286928.9 | N73: =SUM(D73,F73,H73,J73,L73) -> 1196071.6 | O73: =SUM(E73,G73,I73,K73,M73) -> 2398024.4
C74: Average | D74: =AVERAGE(D64:D73) -> 5648.7358 | E74: =AVERAGE(E64:E73) -> 14771.789 | F74: =AVERAGE(F64:F73) -> 5174.3612 | G74: =AVERAGE(G64:G73) -> 6982.5023 | H74: =AVERAGE(H64:H73) -> 24062.155 | I74: =AVERAGE(I64:I73) -> 52287.858 | J74: =AVERAGE(J64:J73) -> 5620.1048 | K74: =AVERAGE(K64:K73) -> 44952.375 | ... O74: =AVERAGE(O64:O73) -> 3143169.4
B75: Replacement Cost | C75: 2011 | D75: =((((D3+D23)*D$52)+((D13+D33)*D$53))*D$54)*D$59 -> 159850.54 | E75: =((((E3+E23)*E$52)+((E13+E33)*E$53))*E$54)*E$59 -> 597233.25 | F75: =((((F3+F23)*F$52)+((F13+F33)*F$53))*F$54)*F$59 -> 37198.735 | G75: =((((G3+G23)*G$52)+((G13+G33)*G$53))*G$54)*G$59 -> 48622.523 | H75: =((((H3+H23)*H$52)+((H13+H33)*H$53))*H$54)*H$59 -> 273050.33 | I75: =((((I3+I23)*I$52)+((I13+I33)*I$53))*I$54)*I$59 -> 662843.51 | J75: =((((J3+J23)*J$52)+((J13+J33)*J$53))*J$54)*J$59 -> 27279.206 | K75: =((((K3+K23)*K$52)+((K13+K33)*K$53))*K$54)*K$59 -> 115440.64 | ... M75: =((((M3+M23)*M$52)+((M13+M33)*M$53))*M$54)*M$59 -> 47014556 | N75: =SUM(D75,F75,H75,J75,L75) -> 24892044 | O75: =SUM(E75,G75,I75,K75,M75) -> 48438696
C76: 2012 | D76: =((((D4+D24)*D$52)+((D14+D34)*D$53))*D$54)*D$59 -> 61297.69 | E76: =((((E4+E24)*E$52)+((E14+E34)*E$53))*E$54)*E$59 -> 97018.449 | F76: =((((F4+F24)*F$52)+((F14+F34)*F$53))*F$54)*F$59 -> 34125.537 | G76: =((((G4+G24)*G$52)+((G14+G34)*G$53))*G$54)*G$59 -> 38407.984 | H76: =((((H4+H24)*H$52)+((H14+H34)*H$53))*H$54)*H$59 -> 230161.24 | I76: =((((I4+I24)*I$52)+((I14+I34)*I$53))*I$54)*I$59 -> 552089.12 | J76: =((((J4+J24)*J$52)+((J14+J34)*J$53))*J$54)*J$59 -> 22728.333 | K76: =((((K4+K24)*K$52)+((K14+K34)*K$53))*K$54)*K$59 -> 98786.393 | ... M76: =((((M4+M24)*M$52)+((M14+M34)*M$53))*M$54)*M$59 -> 46596432 | N76: =SUM(D76,F76,H76,J76,L76) -> 24479796 | O76: =SUM(E76,G76,I76,K76,M76) -> 47382734
C77: 2013 | D77: =((((D5+D25)*D$52)+((D15+D35)*D$53))*D$54)*D$59 -> 112355.93 | E77: =((((E5+E25)*E$52)+((E15+E35)*E$53))*E$54)*E$59 -> 149832.9 | F77: =((((F5+F25)*F$52)+((F15+F35)*F$53))*F$54)*F$59 -> 44775.905 | G77: =((((G5+G25)*G$52)+((G15+G35)*G$53))*G$54)*G$59 -> 50377.91 | H77: =((((H5+H25)*H$52)+((H15+H35)*H$53))*H$54)*H$59 -> 145086.47 | I77: =((((I5+I25)*I$52)+((I15+I35)*I$53))*I$54)*I$59 -> 415550.2 | J77: =((((J5+J25)*J$52)+((J15+J35)*J$53))*J$54)*J$59 -> 14606.633 | K77: =((((K5+K25)*K$52)+((K15+K35)*K$53))*K$54)*K$59 -> 93663.052 | ... M77: =((((M5+M25)*M$52)+((M15+M35)*M$53))*M$54)*M$59 -> 31522517 | N77: =SUM(D77,F77,H77,J77,L77) -> 16776202 | O77: =SUM(E77,G77,I77,K77,M77) -> 32231941
C78: 2014 | D78: =((((D6+D26)*D$52)+((D16+D36)*D$53))*D$54)*D$59 -> 92085.14 | E78: =((((E6+E26)*E$52)+((E16+E36)*E$53))*E$54)*E$59 -> 131662.93 | F78: =((((F6+F26)*F$52)+((F16+F36)*F$53))*F$54)*F$59 -> 40302.507 | G78: =((((G6+G26)*G$52)+((G16+G36)*G$53))*G$54)*G$59 -> 50446.937 | H78: =((((H6+H26)*H$52)+((H16+H36)*H$53))*H$54)*H$59 -> 197753.46 | I78: =((((I6+I26)*I$52)+((I16+I36)*I$53))*I$54)*I$59 -> 576582.64 | J78: =((((J6+J26)*J$52)+((J16+J36)*J$53))*J$54)*J$59 -> 32681.004 | K78: =((((K6+K26)*K$52)+((K16+K36)*K$53))*K$54)*K$59 -> 389202.11 | ... M78: =((((M6+M26)*M$52)+((M16+M36)*M$53))*M$54)*M$59 -> 33672829 | N78: =SUM(D78,F78,H78,J78,L78) -> 17997228 | O78: =SUM(E78,G78,I78,K78,M78) -> 34820724
C79: 2015 | D79: =((((D7+D27)*D$52)+((D17+D37)*D$53))*D$54)*D$59 -> 46220.196 | E79: =((((E7+E27)*E$52)+((E17+E37)*E$53))*E$54)*E$59 -> 88193.264 | F79: =((((F7+F27)*F$52)+((F17+F37)*F$53))*F$54)*F$59 -> 36577.124 | G79: =((((G7+G27)*G$52)+((G17+G37)*G$53))*G$54)*G$59 -> 48063.345 | H79: =((((H7+H27)*H$52)+((H17+H37)*H$53))*H$54)*H$59 -> 271362.97 | I79: =((((I7+I27)*I$52)+((I17+I37)*I$53))*I$54)*I$59 -> 617500.68 | J79: =((((J7+J27)*J$52)+((J17+J37)*J$53))*J$54)*J$59 -> 22548.544 | K79: =((((K7+K27)*K$52)+((K17+K37)*K$53))*K$54)*K$59 -> 109329.09 | ... M79: =((((M7+M27)*M$52)+((M17+M37)*M$53))*M$54)*M$59 -> 33201017 | N79: =SUM(D79,F79,H79,J79,L79) -> 17753769 | O79: =SUM(E79,G79,I79,K79,M79) -> 34064104
C80: 2016 | D80: =((((D8+D28)*D$52)+((D18+D38)*D$53))*D$54)*D$59 -> 106622.26 | E80: =((((E8+E28)*E$52)+((E18+E38)*E$53))*E$54)*E$59 -> 344211.92 | F80: =((((F8+F28)*F$52)+((F18+F38)*F$53))*F$54)*F$59 -> 58006.776 | G80: =((((G8+G28)*G$52)+((G18+G38)*G$53))*G$54)*G$59 -> 69264.038 | H80: =((((H8+H28)*H$52)+((H18+H38)*H$53))*H$54)*H$59 -> 219100.1 | I80: =((((I8+I28)*I$52)+((I18+I38)*I$53))*I$54)*I$59 -> 484459.32 | J80: =((((J8+J28)*J$52)+((J18+J38)*J$53))*J$54)*J$59 -> 33605.587 | K80: =((((K8+K28)*K$52)+((K18+K38)*K$53))*K$54)*K$59 -> 186949.43 | ... M80: =((((M8+M28)*M$52)+((M18+M38)*M$53))*M$54)*M$59 -> 23585905 | N80: =SUM(D80,F80,H80,J80,L80) -> 12808205 | O80: =SUM(E80,G80,I80,K80,M80) -> 24670790
C81: 2017 | D81: =((((D9+D29)*D$52)+((D19+D39)*D$53))*D$54)*D$59 -> 143067.56 | E81: =((((E9+E29)*E$52)+((E19+E39)*E$53))*E$54)*E$59 -> 555350.33 | F81: =((((F9+F29)*F$52)+((F19+F39)*F$53))*F$54)*F$59 -> 24878.754 | G81: =((((G9+G29)*G$52)+((G19+G39)*G$53))*G$54)*G$59 -> 43397.213 | H81: =((((H9+H29)*H$52)+((H19+H39)*H$53))*H$54)*H$59 -> 121186.43 | I81: =((((I9+I29)*I$52)+((I19+I39)*I$53))*I$54)*I$59 -> 196231.85 | J81: =((((J9+J29)*J$52)+((J19+J39)*J$53))*J$54)*J$59 -> 15782.308 | K81: =((((K9+K29)*K$52)+((K19+K39)*K$53))*K$54)*K$59 -> 171724.56 | ... M81: =((((M9+M29)*M$52)+((M19+M39)*M$53))*M$54)*M$59 -> 26766212 | N81: =SUM(D81,F81,H81,J81,L81) -> 14232641 | O81: =SUM(E81,G81,I81,K81,M81) -> 27732916
C82: 2018 | D82: =((((D10+D30)*D$52)+((D20+D40)*D$53))*D$54)*D$59 -> 38577.469 | E82: =((((E10+E30)*E$52)+((E20+E40)*E$53))*E$54)*E$59 -> 74531.08 | F82: =((((F10+F30)*F$52)+((F20+F40)*F$53))*F$54)*F$59 -> 72353.914 | G82: =((((G10+G30)*G$52)+((G20+G40)*G$53))*G$54)*G$59 -> 119211.56 | H82: =((((H10+H30)*H$52)+((H20+H40)*H$53))*H$54)*H$59 -> 171309.46 | I82: =((((I10+I30)*I$52)+((I20+I40)*I$53))*I$54)*I$59 -> 245572.56 | J82: =((((J10+J30)*J$52)+((J20+J40)*J$53))*J$54)*J$59 -> 17923.803 | K82: =((((K10+K30)*K$52)+((K20+K40)*K$53))*K$54)*K$59 -> 215096.58 | ... M82: =((((M10+M30)*M$52)+((M20+M40)*M$53))*M$54)*M$59 -> 16392269 | N82: =SUM(D82,F82,H82,J82,L82) -> 8710060.6 | O82: =SUM(E82,G82,I82,K82,M82) -> 17046681
C83: 2019 | D83: =((((D11+D31)*D$52)+((D21+D41)*D$53))*D$54)*D$59 -> 54860.867 | E83: =((((E11+E31)*E$52)+((E21+E41)*E$53))*E$54)*E$59 -> 112254.08 | F83: =((((F11+F31)*F$52)+((F21+F41)*F$53))*F$54)*F$59 -> 30685.248 | G83: =((((G11+G31)*G$52)+((G21+G41)*G$53))*G$54)*G$59 -> 37822.091 | H83: =((((H11+H31)*H$52)+((H21+H41)*H$53))*H$54)*H$59 -> 194480.19 | I83: =((((I11+I31)*I$52)+((I21+I41)*I$53))*I$54)*I$59 -> 295512.59 | J83: =((((J11+J31)*J$52)+((J21+J41)*J$53))*J$54)*J$59 -> 15143.864 | K83: =((((K11+K31)*K$52)+((K21+K41)*K$53))*K$54)*K$59 -> 108414.04 | ... M83: =((((M11+M31)*M$52)+((M21+M41)*M$53))*M$54)*M$59 -> 30405929 | N83: =SUM(D83,F83,H83,J83,L83) -> 15915497 | O83: =SUM(E83,G83,I83,K83,M83) -> 30959932
C84: 2020 | D84: =((((D12+D32)*D$52)+((D22+D42)*D$53))*D$54)*D$59 -> 42787.572 | E84: =((((E12+E32)*E$52)+((E22+E42)*E$53))*E$54)*E$59 -> 92715.593 | F84: =((((F12+F32)*F$52)+((F22+F42)*F$53))*F$54)*F$59 -> 9000.1123 | G84: =((((G12+G32)*G$52)+((G22+G42)*G$53))*G$54)*G$59 -> 17841.319 | H84: =((((H12+H32)*H$52)+((H22+H42)*H$53))*H$54)*H$59 -> 157727.04 | I84: =((((I12+I32)*I$52)+((I22+I42)*I$53))*I$54)*I$59 -> 258909.08 | J84: =((((J12+J32)*J$52)+((J22+J42)*J$53))*J$54)*J$59 -> 18816.715 | K84: =((((K12+K32)*K$52)+((K22+K42)*K$53))*K$54)*K$59 -> 279989.12 | ... M84: =((((M12+M32)*M$52)+((M22+M42)*M$53))*M$54)*M$59 -> 23655420 | N84: =SUM(D84,F84,H84,J84,L84) -> 12311014 | O84: =SUM(E84,G84,I84,K84,M84) -> 24304876
C85: Average | D85: =AVERAGE(D75:D84) -> 85772.522 | E85: =AVERAGE(E75:E84) -> 224300.38 | F85: =AVERAGE(F75:F84) -> 38790.461 | G85: =AVERAGE(G75:G84) -> 52345.492 | H85: =AVERAGE(H75:H84) -> 198121.77 | I85: =AVERAGE(I75:I84) -> 430525.15 | J85: =AVERAGE(J75:J84) -> 22111.6 | K85: =AVERAGE(K75:K84) -> 176859.5 | ... O85: =AVERAGE(O75:O84) -> 32165339

Sheet Resale Values
A1: Salmon Species | B1: Description | C1: Cost | D1: Weight (lbs) | E1: Price_per_Pound | F1: Date | G1: Source
A2: Chinook | B2: Alaskan king salmon fillet | C2: 31 | D2: 1 | E2: 31 | F2: 45756 | G2: https://takustore.com/collections/fresh-salmon?gad_source=1&gclid=CjwKCAjwtdi_BhACEiwA97y8BOekAudcX13CHy6DhlV7sU5notdf5Mk9nUyF4DDfJX9fjpW16x2WiRoCIx4QAvD_BwE
A3: Chinook | B3: Fresh, king salmon fillets (before shipping) | C3: 24.98 | D3: 1 | E3: 24.98 | F3: 45756 | G3: https://jerrysmeats.com/
A4: Chinook | B4: wild caught alaskan king salmon | C4: 185.99 | D4: 3 | E4: 61.996667 | F4: 45756 | G4: https://alaskaseafoodcompany.com/product/frozen-fresh-king-salmon/
A5: Chinook | B5: wild caught king salmon | C5: 219.95 | D5: 5 | E5: 43.99 | F5: 45756 | G5: https://wildalaskasalmonandseafood.com/product/wild-caught-king-salmon/
A6: Chum | B6: wild alaska keta salmon | C6: 124.95 | D6: 5 | E6: 24.99 | F6: 45756 | G6: https://wildalaskasalmonandseafood.com/product/wild-alaska-keta-salmon/
A7: Chum | B7: Alaskan keta salmon portions | C7: 49.98 | D7: 2 | E7: 24.99 | F7: 45756 | G7: https://www.wildforsalmon.com/collections/wild-alaskan-salmon/products/alaska-keta-salmon-portions
A8: Chum | B8: alaska keta salmon skinless fillets | C8: 14.99 | D8: 1.5 | E8: 9.9933333 | F8: 45756 | G8: https://www.target.com/p/alaska-keta-salmon-skinless-fillets-frozen-24oz-good-38-gather-8482/-/A-14673133
A9: Coho | B9: fresh, coho (before shipping costs) | C9: 13.98 | D9: 1 | E9: 13.98 | F9: 45756 | G9: https://jerrysmeats.com/
A10: Coho | B10: wild alaskan coho salmon | C10: 149.95 | D10: 5 | E10: 29.99 | F10: 45756 | G10: https://wildalaskasalmonandseafood.com/product/wild-alaskan-coho-salmon/
A11: Coho | B11: Alaskan coho salmon fillet | C11: 21.9 | D11: 1 | E11: 21.9 | F11: 45756 | G11: https://takustore.com/collections/fresh-salmon?gad_source=1&gclid=CjwKCAjwtdi_BhACEiwA97y8BOekAudcX13CHy6DhlV7sU5notdf5Mk9nUyF4DDfJX9fjpW16x2WiRoCIx4QAvD_BwE
A12: Pink | B12: Alaskan pink salmon portions (bone in) | C12: 37.98 | D12: 2 | E12: 18.99 | F12: 45756 | G12: https://www.wildforsalmon.com/products/alaska-pink-salmon-portions?srsltid=AfmBOoqmCErsg7dSPiEs6Zck8sfHrMTYZ4zuypGwYnN81-PVAgxj7NtF
A13: Pink | B13: Kroger wild caught pink salmon fillets frozen | C13: 10.99 | D13: 2 | E13: 5.495 | F13: 45756 | G13: https://www.fredmeyer.com/p/kroger-wild-caught-pink-salmon-fillets-frozen-big-deal/0001111077990?fulfillment=PICKUP&storecode=70100158&cid=shp_adw_shopl&gStoreCode=70100158&gQT=1&gDelivery=PICK_UP
... A19: Sockeye | B19: wild kalgin island salmon sockeye portions | C19: 25.95 | D19: 1 | E19: 25.95 | F19: 45756 | G19: https://www.great-alaska-seafood.com/Alaska_Sockeye_Salmon_Fillets.htm?srsltid=AfmBOoonWSP54zxSoAqVMseivl7FEih_mwJDinIZ-K8tr5-raybIl0Ma
D21: Chinook | E21: =AVERAGE(E2:E5) -> 40.491667
D22: Chum | E22: =AVERAGE(E6:E8) -> 19.991111
D23: Coho | E23: =AVERAGE(E9:E11) -> 21.956667
D24: Pink | E24: =AVERAGE(E12:E14) -> 10.491667
D25: Sockeye | E25: =AVERAGE(E15:E19) -> 27.583333

Sheet Forest Summary
C1: Tongass Forest Fish
B2: Fishery | C2: Conservative Estimate | D2: Liberal Estimate | F2: *These are average values for 2011-2020
B3: Commercial | C3: =GETPIVOTDATA("# Forest Fish",Commercial!$P$14,"Forest","Tongass")/10 -> 36800707 | D3: -
B4: Sport | C4: =Sport!M36/10 -> 279406.43 | D4: =Sport!N36/10 -> 284712.81
B5: Personal Use | C5: ='Personal Use'!M36/10 -> 2443.7525 | D5: ='Personal Use'!N36/10 -> 3528.0372
B6: Subsistence | C6: =Subsistence!M36/10 -> 15161.885 | D6: =Subsistence!N36/10 -> 22365.094
C8: Chugach Forest Fish
B9: Fishery | C9: Conservative Estimate | D9: Liberal Estimate
B10: Commercial | C10: =GETPIVOTDATA("# Forest Fish",Commercial!$P$14,"Forest","Chugach")/10 -> 7917987.6 | D10: -
B11: Sport | C11: =Sport!M35/10 -> 271876.56 | D11: =Sport!N35/10 -> 500940.99
B12: Personal Use | C12: ='Personal Use'!M35/10 -> 178439.38 | D12: ='Personal Use'!N35/10 -> 358939.2
B13: Subsistence | C13: =Subsistence!M35/10 -> 3715.4308 | D13: =Subsistence!N35/10 -> 7360.6788
